country;source_url;etiquette_text;verbal_phrase;handshake;cheek_kiss;hug;eye_contact;physical_distance
Australia;https://www.everyculture.com/A-Bo/Australia.html;"A predominant image among Australians is that they are very casual,       easygoing, and familiar. First names are used commonly as terms of       address. An ideology of egalitarianism pervades, with men, women, and       children treated similarly. Attempts at appearing superior to others in       terms of dress, manners, knowledge, and the work ethic are discouraged.         A handshake is the most common way to greet a new acquaintance, and a       hug, a kiss on the cheek, or a verbal greeting the most common way to       greet a friend. The colloquialism, ""g'day"" (good       day), is considered the quintessential greeting. There is an easy friendliness in public places. Personal privacy is       respected and staring is discouraged, although eye contact is not avoided.       Eye contact during conversation is considered polite among the general       population; averting the eyes during conversation is considered a sign of       respect among Aboriginal people. When a line is forming, new arrivals must       go to the end. In museums and exhibitions voices are hushed. In       performance contexts the audience is expected to be silent and attentive.       Service attendants consider themselves equal to their guests, and usually       are not subservient. Australians also resist being ""served.""       Food may be eaten in the street, but meals usually are eaten at a table,       with each person having his or her own plate and eating utensils. Bodily       functions are considered inevitable but are not discussed or performed in       public.";1;1;1;1;1;1
Brazil;https://www.everyculture.com/Bo-Co/Brazil.html;"Brazilians have less sense of personal space than North Americans and are       not bothered being packed together in crowded public places. They are       physically expressive and convey emotional information through touch.       While in some societies touching has sexual overtones, Brazilians equate       it with friendship and a show of concern. Women tend to touch more than       men and greet others with kisses on both cheeks, but men also welcome each       other with hearty pats on the back and bear hugs. Such informality extends       to conversation. Brazilians usually address teachers, doctors, priests,       and other professionals using their title followed by their first       nameâ€”Professor JoÃ£o, Doutora Maxine or Presidente Henrique. Still, body language and terms of address vary with an individual's       social standing. A domestic servant will greet her employer with a limp       handshake, head slightly bowed and eyes lowered, and address her using the       respectful ""you"" ( a senhora ), rather than the familiar ""you"" ( voceÃª ); the mistress of the house, by contrast always addresses her servants as vocÃª. University graduates or, at times, even those who appear to be well       educated, are addressed as doutor or doutora (doctor). Brazilians also have relaxed attitudes towards nudity and toward the body       in general. Witness the scanty costumes of carnival performers which       consist of little more than a wisp of fabric and a few feathers, and the       tiny string bikinisâ€”called ""dental floss"" ( fio dental ) in Brazilian slangâ€”that women of all shapes, sizes, and ages wear       on Brazil's public beaches.";0;1;1;1;1;1
China;https://www.everyculture.com/Bo-Co/China.html;"Deference and obedience to elders is considered extremely important. There       is a hierarchy that places older people above younger and men above women;       this is reflected in social interaction. Chinese people are nonconfrontational. Saving face is of primary       importance; appearing to be in the right or attempting to please someone       is more important than honesty. It is considered rude to refuse a request       even if one is unable to fulfill it. The fear of losing face is a concern       that governs social interactions both large and insignificant; failure to       perform a duty brings shame not just on the individual, but on the family       and community as well. Individuality is often subsumed in the group       identity. There is little privacy in the home or family, and housing       shortages and cramped living quarters often exaggerate this situation. People touch often, and same-sex hand holding is common. However, physical       contact between men and women in public is limited. Smiling is not       necessarily a sign of happiness; it can be a display of worry or       embarrassment. Visiting is an important part of social life. Guests often drop in       unannounced and are invited to join the family for a meal. It is customary       to bring a small gift when visiting.";0;0;0;0;0;1
Denmark;https://www.everyculture.com/Cr-Ga/Denmark.html;Privacy is a primary value in Danish etiquette. One is not supposed to       invite oneself into another person's house or look into other       people's land, property, and salary. Danes show few emotions       publicly, as the open expression of feelings is considered a sign of       weakness. Unless provoked, Danes avoid getting into an argument, and they       dislike being interrupted during a conversation. Informality is considered a virtue. However, informality in social       interaction makes it difficult to enter new social circles. At dinner       parties, meetings, and conferences, there are no formal introductions,       leaving it up to people to initiate interaction.;0;0;0;0;0;1
Egypt;https://www.everyculture.com/Cr-Ga/Egypt.html;"Public modesty in dress and deportment is highly valued in Egypt. There is       a form of dress code that affects women more than men, and that requires       clothing that covers all the body but the hands and face. For women, this       most visibly means wearing a head scarf that covers the hair and ears and       is pinned under the chin, though there are many other styles ranging from       simply covering the hair to covering the entire face. This is the sense in       which veiling exists in Egypt, but the situation is volatile, with a good       deal of variety. Many women do not veil at all. What is proper, or       required, or necessary, is hotly debated in contemporary Egypt. The       motivations for veiling are numerous, and range from those who accept that       this is a requirement of Islam to those who cover themselves essentially       to satisfy their relatives, male and female. Men are also enjoined to       dress modestly, but the changes are not as striking, involving for       instance loose trousers and long sleeves. For both men and women, the       principle is that clothes should disguise the shape of the body. Another rule of etiquette is that greetings must precede all forms of       social interaction. A person joining any kind of group, even of strangers,       is expected to greet those already present. In less anonymous situations       handshakes are due. Embracing is also common as a form of greeting,       usually among members of the same sex. People are generally addressed by their given name, often preceded by a       title of some kind (' am, or uncle, is the all-purpose title for men; others include hajj for a pilgrim returned from Mecca or simply for an older man, duktor for a person with a doctorate, and muhandis for an engineer). To address someone by name alone is impolite. One important rule of etiquette is to treat guests cordially and       hospitably. An offering, usually tea or a soft drink, is the least a       visitor expects. The first drink is sometimes called a       ""greeting."" Cigarettes are often also offered as       hospitality. In rural areas, some people avoid visiting those they       consider to be of lower status than themselves. From this point of view,       visits are always ""up,"" and hospitality is always       ""down,"" i.e., the higher-status host provides hospitality       for the lower-status guest. In general, young defer to old and women to men. Members of the younger       generation are expected to show signs of respect and not to challenge       their seniors and must use the special terms of address for aunts, uncles,       and grandparents, as well as for older nonrelatives. Juniors should not       raise their voices to elders, nor should they remain seated while an older       person is standing up. With increasing disparities between classes and the       spread of patronage ties, there is an inflation in deferential terms of       address. This includes the resurgence in the use of terms that were       previously official titles but were abolished after 1952, such as Pasha       and Bey.";1;1;0;1;0;1
Ethiopia;https://www.everyculture.com/Cr-Ga/Ethiopia.html;"Greeting takes the form of multiple kisses on both cheeks and a plethora       of exchanged pleasantries. Any hint of superiority is treated with       contempt. Age is a factor in social behavior, and the elderly are treated       with the utmost respect. When an elderly person or guest enters a room, it       is customary to stand until that person is seated. Dining etiquette is       also important. One must always wash the hands         before a meal, since all food is eaten with the hands from a communal       dish. It is customary for the guest to initiate eating. During a meal, it       is proper form to pull injera only from the space directly in front of oneself. Depleted portions are       replaced quickly. During meals, participation in conversation is       considered polite; complete attention to the meal is thought to be       impolite.";1;0;1;0;0;0
France;https://www.everyculture.com/Cr-Ga/France.html;"In French, "" etiquette "" means both ""etiquette"" and       ""ceremony."" Social class distinctions determine the       importance of various forms of correct social behavior. In general when       people greet each other, they shake hands or embrace with a kiss on both       cheeks (called faire la bise ). Kissing is only done when two people are close friends or relatives.       For the most part, the embrace is done only the first time in a day in       which one sees someone and is not repeated again until one says good-bye.       There is also formality in verbal greetings, so that one shows respect by       adding ""Madam,"" ""Monsieur,"" or       ""Mademoiselle"" to any greeting. There are important public       and private distinctions. In public spaces, one generally does not smile       at strangers or make eye contact with them (for instance, in the subway or       bus) and should keep one's voice low when speaking. Privacy is also       maintained in homes, so that doors to bedrooms and bathrooms are kept       closed. When shopping in smaller stores, the buyer generally greets the       proprietor upon entry, and the proprietor helps the client choose the       goods to be purchased. It is less common to have free access in a store,       although the growth of large hypermarkets and shopping malls is changing       this custom.";1;1;1;1;0;1
Georgia;https://www.everyculture.com/Ge-It/Georgia.html;Both men and women may kiss one another on the cheek in public places.       Kissing on the lips and intimate hugging in public are not approved.       Shaking hands is common, but women shake hands less often than men do.       Either the person with higher social status or the woman is supposed to       initiate greeting and define its form. In the countryside, it is common to       greet strangers. Men may embrace while walking in the street. In general,       the closer the relationship, the smaller the distance at which people       stand. Women are not supposed to gaze at a stranger or smoke on the       street.;0;1;1;1;1;1
Germany;https://www.everyculture.com/Ge-It/Germany.html;"It has often been noted that German society retains a small town ethos,       which arose in the early modern period under conditions of political and       economic particularism. Indeed, many Germans adhere to standards of bÃ¼rgerlichkeit, or civic morality, which lend a certain neatness and formality to       behavior in everyday life. When entering a store, for example, one is not       likely to be noticed, unless one announces oneself forcefully by saying,       "" guten Tag "" (literally, ""good day"") or ""hello.""       In former East Germany, it is still common for friends and acquaintances       to shake hands when they see each other for the first time each day. West       Germans consider it more modern and perhaps more American not to do so. In       pronouns of direct address, one uses either the formal sie or the informal du. Colleagues in the workplace typically address each other as Sie or use a       title and the family name, such as, Herr or Frau Doktor Schmidt. Life in public does not seem to be the highest good for all Germans, as       urban centers often appear to be abandoned on Saturday afternoons and       Sundays. This is linked to the issue of the operating hours of shops,       which has been debated in Germany since the mid-1970s. For different       reasons, both the unions and the churches opposed extended operating       hours, as do many citizens, who are critical of ""consumer       societies"" or who prefer, on the weekends, to remain with their       families or in their private gardens.";1;1;0;0;0;0
India;https://www.everyculture.com/Ge-It/India.html;Indians are usually very hospitable even when poor and go to considerable       lengths to make a visitor feel comfortable. Women normally adopt a       deferential attitude toward men, especially to their husbands and       fathers-in-law. All the people tend to show deference to religious figures       and government officials. A woman decorates the streets with vibrantly colored rice powder             paintings during a festival in Madurai, India.;0;0;0;0;0;0
Iran;https://www.everyculture.com/Ge-It/Iran.html;"The social lubricant of Iranian life is a system known as ta'arof , literally ""meeting together."" This is a ritualized system       of linguistic and behavioral interactional strategies allowing individuals       to interrelate in a harmonious fashion. The system marks the differences       between andaruni and biruni situations, and also marks differences in relative social status. In       general, higher status persons are older and have important jobs, or       command respect because of their learning, artistic accomplishments, or       erudition. Linguistically, ta'arof involves a series of lexical substitutions       for pronouns and verbs whereby persons of lower status address persons of       higher status with elevated forms. By contrast, they refer to themselves       with humble forms. Both partners in an interaction may simultaneously use       other-raising and self-lowering forms toward each other. Ritual An Iranian family eating a meal in Shiraj. Even after they leave             home, members of extended families have hospitality rights in the             homes of their most distant relatives. greetings and leave-takings such as ghorban-e shoma (literally, ""your sacrifice"") underscore this sensibility. In social situations, this linguistic gesture is replicated in behavioral       routines. It is good form to offer a portion of what one is about to eat       to anyone nearby, even if they show no interest. One sees this behavior       even in very small children. It is polite to refuse such an offer, but the       one making the offer will be sensitive to the slightest hint of interest       and will continue to press the offer if it is indicated. Guests bring honor to a household, and are eagerly sought. When invited as       a guest a small present is appreciated, but often received with a show of       embarrassment. It will usually not be unwrapped in front of the giver. It       is always expected that a person returning from a trip will bring presents       for family and friends. An honored guest is always placed at the head of a room or a table. The       highest status person also goes first when food is served. It is proper       form to refuse these honors, and press them on another. One must be very careful about praising any possession of another. The       owner will likely offer it immediately as a present. Greater danger still       lies in praising a child. Such praise bespeaks envy, which is the essence       of the ""evil eye."" The parent will be alarmed, fearing for       the child's life. The correct formula for praising anything is ma sha' Allah , literally, ""What God wills."" Iranians can be quite physically intimate with same-sex friends, even in       public. Physical contact is expected and is not erotic. In restaurants and       on buses and other public conveyances people are seated much closer than       in the West. On the other hand, even the slightest physical contact with       non-family members of the opposite sex, unless they are very young       children, is taboo. A downward gaze in Iran is a sign of respect. Foreigners addressing       Iranians often think them disinterested or rude when they answer a       question without looking at the questioner. This is a cross-cultural       mistake. For men, downcast eyes are a defense measure, since staring at a       woman is usually taken as a sign of interest, and can cause difficulties.       On the other hand, staring directly into the eyes of a friend is a sign of       affection and intimacy. In Iran the lower status person issues the first greeting. In the reverse       logic of ta'arof this means that a person who wants to be polite       will make a point of this, using the universal Islamic salaam or         the extended salaam aleikum. The universal phrase for leave-taking is khoda hafez â€”""God protect.""";1;0;0;0;1;1
Italy;https://www.everyculture.com/Ge-It/Italy.html;Italians generally are effusive in their public behavior. There is a great       deal of public embracing and kissing upon greeting people. It is also       polite to sit close to people and to interact by lightly touching people       on the arms. Italian gazes are intense. It is felt that someone who cannot       look you in the eyes is trying to hide something. Elders expect and get       respect. They enter a room first. Men stand for women and youngsters for       adults. Children tend to be used to run errands and help any adult,       certainly any adult in the family. Gazing intently at strangers is common,       and Italians expect to be looked at in public. Traditionally, younger       women deferred to men in public and did not contradict them. Older women,       however, joined in the general give and take of conversation without fear.       Italians have little respect for lines and generally push their way to the       front. There is great care given to preserving one's bella figura,       dignity. Violating another's sense of selfâ€“importance is a       dangerous activity.;0;0;1;1;1;1
Japan;https://www.everyculture.com/Ja-Ma/Japan.html;"Etiquette can be a full-time occupation, especially in the context of       traditional artistic pursuits, such as the tea ceremony, where its       principles are incorporated as elements of performance. Even in more       prosaic circumstances, many points of etiquette are elaborately codified,       including an extensive vocabulary and grammar for polite conversation;       specific principles for the selection, presentation, and reciprocation of       gifts; and standards for bowing and exchanging name cards. Many people       find the intricacies of etiquette daunting, and books that offer advice on       these situations are steady sellers. Etiquette hinges on principles of       proportional reciprocity in social hierarchies based on determinations of       relative status between superior and subordinate. These relative statuses       may reflect an individual's age, gender, or social role or may       reflect relationships among different social institutions.";1;0;0;0;0;0
New Zealand;https://www.everyculture.com/Ma-Ni/New-Zealand.html;"The sacred feature of the Maori is the head and so touching it is avoided.       In the marae, the hongi (touching of noses) is the accepted greeting. Otherwise         the handshake, the hug, and the cheek kiss are used, depending on the       degree of intimacy. Verbal greetings includes ""Hello,""       ""How are you?"" ""Gidday,"" and, especially, in       North Island, Kia Ora (""Good health,"" ""Are you well?""). Men enjoy       ""mateship,"" which involves close contact, but otherwise       contact distance is arm's length. Behavior in public places is       orderly, and good humor is expected. Depending on how recently they have       arrived in the country, immigrants and refugees maintain their own customs       but gradually adapt, especially in school.";1;1;1;1;0;1
Nigeria;https://www.everyculture.com/Ma-Ni/Nigeria.html;Age is greatly respected in Nigeria. In an area where the average life       expectancy is not very high, those who live into their senior years are       seen as having earned special rights of respect and admiration. This is       true of both men and women. Socially, greetings are of the utmost importance. A handshake and a long       list of well wishes for a counterpart's family and good health are       expected when meeting someone. This is often true even if you have seen       that person a short time earlier. Whether you are talking to a bank teller       or visiting a friend, it is considered rude not to engage in a proper       greeting before getting down to business. Shaking hands, eating, or passing things with the left hand are       unacceptable. The left hand is reserved for personal toiletries and is       considered dirty.;1;1;0;0;0;0
Mexico;https://www.everyculture.com/Ma-Ni/Mexico.html;Mexican etiquette is strongly informed by the culture of social       hierarchies and distance. These can exist along the lines of race and       gender, but class distinctions regulate social interaction most       decisively. It goes without saying that the different social hierarchies       frequently run parallel. Generally speaking, Mexicans shake hands when they meet or in the case of       two women meeting or a man and a woman meeting, kiss each other on the       cheek once. In the case of close friends and on special occasions, such as       New Year's Eve, Mexican men and women embrace each other, pat each       other gently on the back, and then shake hands. This abrazo expresses confidentiality and the crucial value of trust. Because       strangers cannot be placed within the different circles of intimacy and       confidentiality they are generally treated with suspicion. When people of different socioeconomic status meet, the individual with       the socially ascribed inferior status will wait for the person with       superior status to define the terms of the encounter. Mexicans are very       keen on being addressed with their academic or professional title. The       most commonly used academic title is that of licenciado. The form of address of licenciado is more linked to the position someone       holds than to that person's precise academic credentials. People of       lower standing will also invariably address a socially superior with the       formal you ( usted ), while the latter will most likely use the informal you ( tu ). These forms of address draw boundaries, create distance, and confirm       the social hierarchies so characteristic of the national culture. Mexicans value the art of eloquence. Conversations will mostly begin with       polite and informal exchanges and slowly move toward the subject matter.       Even then Mexicans remain indirect speakers, avoiding clear-cut       statements. Politicians and This colonial church with two bell towers was built with ancient             Maya stones. Spanish and French architectural traditions influenced             Mexican buildings. senior bureaucrats are identified as the masters of this rhetorical       style. They have become the object of irony in the hands of the famous       comic Cantinflas, who by speaking a lot but saying nothing gave birth to       the verb cantinflar.;1;1;1;1;0;1
Russia;https://www.everyculture.com/No-Sa/Russia.html;"The most significant elements of etiquette are the verbal markers of       social status. People use the second person plural pronoun when addressing       elders except for parents and grandparents, persons of higher status,       strangers, and acquaintances. The informal second person singular is used       only among close friends, within the natal family, and among close       coworkers of equal status. The more distant two people are socially, the       more likely it is that they will address each other with full formality.       Addressing someone formally also entails using the person's full       name and patronymic. Misuse of the informal mode is extremely insulting. Table behavior is circumscribed by a code of manners. Hosts and hostesses       must show unfailing generosity, even with unexpected guests, and guests       must receive that hospitality with a show of willingness to be served,       fed, and pampered. Drinking together and toasting are important aspects of       these rituals. The filthiness of urban surfaces means that one never sits on the ground       or puts shod feet on a table. Proper feminine behavior requires the       observance of a number of specific practices: clothes must always be       immaculately clean and pressed, fastidious grooming is critical, and       comportment should be elegant and reserved. However, in crowds, lines, and       public transport, active shoving and pushing are the norm. In Soviet times, being demure and not drawing attention to oneself through       dress or behavior were highly valued, but this norm has vanished with the       explosion of fashion and attention-getting subcultural identities. The word ""uncultured"" is used by grandmothers and older       people as a reprimand for behavior on the part of their charges or total       strangers that are considered uncouth or inappropriate. The use of this       reprimand has diminished as the social status of elders has fallen and as       blatantly offensive behavior in the cities has become a mark of the power       and ""coolness"" of youthful traders and       ""toughs.""";1;0;0;0;0;1
Saudi Arabia;https://www.everyculture.com/Sa-Th/Saudi-Arabia.html;"Social interaction is marked by strong gender segregation and respect for       age differentials. An egalitarian ethos and a high valorization of polite       behavior also prevail. Men and women seldom interact across the gender       divide outside the domestic space of families, and many of the       society's most powerful do's and don'ts aim to       regulate such interaction beyond the confines of a home. Thus male-female       interaction in a commercial shop should be formal and strictly limited to       the process of buying and selling. Generally, men and women should refrain       from making specific references to individuals of the other gender,       although it is appropriate and common for one to inquire about the       well-being of another individual's ""family"" or       ""house""â€”concepts which are understood as       circumlocutions for significant others of the opposite gender. Deference       should be shown to those who are older, and relations between generations       are often characterized by strict formality and the maintenance of decorum       in social gatherings. Most social interaction takes place in groups that are gender- and       age-specific. Social visiting within such contexts is very common and       occurs on both an everyday basis and for special events. The latter       especially include visits to convey condolences for a death or,       conversely, to express congratulations for a happy occurrence such as a       wedding, a graduation or promotion, or a safe return from a trip. A guest,       upon arrival, should greet individually the host and all others present by       shaking hands or, if well-known to each other and of similar age, by       kissing on the cheeks three or more times. The individual being greeted       should stand. The guest must be offered refreshments of coffee and tea. An       invitation to lunch or dinner should also be offered by the host. An       animated and relatively long exchange of greetings is expected between       host and guest and between the guest and others present, as A Bedouin tribesman at a market in Abha. each individual inquires about the other's health and wishes       him/her God's protection. The offering of refreshments and the       exchange of greetings is extended to office and shop settings (at least       among people of the same gender); failure to observe them is very rude.       Meanwhile, gender segregation is maintained in public places such as       airports or banks, where separate lines for men and women are usual. People tend to remain in close physical contact during social interaction.       Walking arm-in-arm or holding hands and gently slapping or touching a       person's outstretched palm while talking is common, especially       among people of the same gender who know each other well. Gazing, and       especially staring, at strangers is rude. In public, people should avoid       direct eye-contact with passers-by. When greeting a stranger or an       acquaintance, it is appropriate for the person who arrives first to say,       in Arabic, ""Peace be upon you,"" to which the proper reply       is, ""And upon you peace."" When saying goodbye, it is proper       to say, in Arabic, ""In the custody of God,"" the reply being       ""In the custody of the Generous One."" Generally, the same       patterns of etiquette hold throughout Saudi Arabia. Greater formality,       however, prevails among Bedouin and rural people, while more relaxed,       informal interaction occurs among younger urbanites. The same patterns,       but in attenuated forms, apply between local citizens and immigrants.";1;1;1;0;1;1
Turkey;https://www.everyculture.com/To-Z/Turkey.html;"Formal etiquette is central to Turkish culture, governing most social       interactions and the use of space. Turkish culture has an exact verbal       formula for practically every occasion. Etiquette requires the       pronouncement of the proper formulas for these occasions. Strict etiquette governs intergenerational and heterosexual interactions.       Unless they are close friends or relatives, older people are addressed       formally. For example, older men should be addressed with the title       ""Bey"" (Mister) and women with the title       ""Hanim"" (Lady). Younger people are expected to be reserved       in their presence. Adults of the opposite sex are expected not to act       casually or show affection toward each other in public. Friends of the       same sex may hold hands and greet each other with kisses on the cheek.       Upon meeting, men shake hands, but a man does not shake a woman's       hand unless she extends it to him. People are not criticized for being late. Business meetings usually are       preceded by tea and unrelated conversation. Consideration for companions       is important. One does not drink, smoke, or eat something without first       offering to share it with one's companions. Ninety-eight percent of Turks are nominally Muslim. Homes are divided into guest and private areas, and it is improper to ask       for a tour of the house. The soles of shoes are considered dirty, and       shoes are removed when one enters a home or mosque.";1;1;1;0;0;1
United States of America;https://www.everyculture.com/To-Z/United-States-of-America.html;Personal comportment often appears crass, loud, and effusive to people       from other cultures, but Americans value emotional and bodily restraint.       The permanent smile and unrelenting enthusiasm of the stereotypical       American may mask strong emotions whose expression is not acceptable.       Bodily restraint is expressed through the relatively large physical       distance people maintain with each other, especially men. Breast-feeding,       yawning, and passing gas in public are considered rude. Americans consider       it impolite to talk about money and age.;0;0;0;0;0;1
Chatgpt 5 (prompt 1);"Prompt1:”Describe in detail the first moments when two people meet in a formal context, as if you are physically present and watching it unfold. Use sensory detail and write it in a novelistic style under 200 words. You may include direct quotes.""";"The room was hushed except for the faint rustle of papers and the low hum of an air vent. As the door opened, the man stepped inside, polished shoes tapping lightly against the floor. The woman rose from her chair with measured grace, the faint scent of her perfume drifting into the air. Their eyes met—steady, appraising—before he inclined his head ever so slightly.
“Good afternoon,” he said, his voice even, carrying just enough warmth to soften the formality.
Her reply followed swiftly, “It’s a pleasure to finally meet you.” She extended her hand, fingers poised, the gesture precise but not stiff.
Their hands clasped—cool against warm, firm without lingering. A brief silence stretched, filled with the faint scrape of a chair and the muted echo of footsteps in the hallway beyond.
The exchange was ritualistic yet charged, every movement deliberate: the controlled posture, the careful modulation of tone, the awareness that this moment marked the beginning of something to be measured and weighed.
Neither smiled fully, but the edges of their expressions hinted at restraint held just shy of ease, as if both knew the scene demanded composure before familiarity could emerge.
";1;1;0;0;1;1
Chatgpt 5 (prompt 2);"Prompt2:”Write the opening paragraph of a story that begins with two people meeting in a formal context. Let it feel like the start of a larger narrative, setting mood and tone as well as describing their first gestures and words. Keep it under 200 words and you may include direct quotes.""";"The chandelier light scattered in fragments across the polished floor as Mr. Darius stepped into the hall, his dark coat shedding the faint chill of the outside air. At the far end, Ms. Anvari rose from her seat, smoothing the folds of her jacket with a practiced motion. For a moment, the room seemed to tighten around them, silence brimming with anticipation. Their eyes locked—not with intimacy, but with the careful measure of strangers summoned to an important beginning. “Mr. Darius,” she said, her voice low, precise, each syllable carrying the weight of protocol. He inclined his head, his lips curving into a polite half-smile. “Ms. Anvari. At last.” Their hands met in a brief clasp, firm and deliberate, a gesture of agreement before words could stake their claims. The air between them smelled faintly of varnished wood and citrus polish, the kind of setting where formality lingers like perfume, impossible to ignore. In that first instant, as they released their grip and stepped back, the narrative of their encounter had already begun to write itself—measured, cautious, but charged with the unspoken knowledge that something larger was set in motion.
";1;1;0;0;1;1
Chatgpt 5 (prompt 3);"Prompt3:”Describe, in a novel-like way, how a formal greeting usually unfolds. Do not focus on two specific individuals, but narrate the typical flow of the first seconds in such an encounter as if you were telling a scene from life. Keep it under 200 words and you may include direct quotes.""";"A formal greeting often begins with the careful choreography of approach: two figures closing the space between them at a measured pace, postures adjusted to signal respect. There is a subtle pause, almost imperceptible, in which both seem to register the other’s presence fully before a word is spoken. Eyes meet briefly—steady, not lingering—and then one voice breaks the silence.
“Good morning,” or “It’s a pleasure to meet you,” comes first, the tone chosen to balance warmth with restraint. A hand is extended, palm angled just so, the gesture carrying centuries of learned convention. The other responds in kind, the clasp brief, firm, and released almost as soon as it begins, leaving behind the faint memory of pressure.
Smiles may appear—measured, contained—as though permission for ease has not yet been granted. Sometimes the exchange includes a small bow of the head, or the faintest lean forward, acknowledging the shared gravity of the moment. The setting, whether a polished office, a quiet corridor, or a ceremonial hall, seems to heighten the weight of these gestures. In those few seconds, roles are established, expectations set, and the invisible script of formality takes hold.
";1;1;0;0;1;1
Mistral-large (prompt 1);;"The grand doors of the conference hall groaned open, releasing a sigh of air conditioned chill into the marble foyer. A woman in a tailored navy suit—her heels clicking like a metronome—paused just inside the threshold, her fingers brushing the pearl at her throat. The scent of polished mahogany and the faint citrus of her perfume mingled with the dry, recycled air.
Across the room, a man adjusted his cufflinks, the gold catching the light as he turned. Their eyes met—hesitant, assessing. A beat of silence, thick as the velvet drapes framing the windows.
“Dr. Lærke?” His voice, low and measured, carried the faintest trace of an accent.
She extended her hand. “Mr. Vestergaard. Your reputation precedes you.”
Their hands met—firm, professional, but the briefest pause betrayed something unspoken. His palm was warm, hers cool from the glass of champagne she’d abandoned on a passing tray. The clink of silverware and the murmur of distant conversations wrapped around them like a cocoon.
A smile, polite but guarded. “Shall we?”
And just like that, the dance began.
";1;1;0;0;1;1
Mistral-large (prompt 2);;"The rain had been falling for hours by the time Elias Voss stepped into the dim glow of the Grand Hotel’s lobby, his overcoat damp at the shoulders, the scent of wet wool and old books clinging to him. Across the room, beneath the flickering chandelier, a woman stood with her back to the fireplace, the embers casting long shadows that danced at her feet. She wore a dress the color of storm clouds, her gloved fingers resting lightly on the spine of a leather-bound ledger.
Their eyes met—his sharp and assessing, hers unreadable as polished glass. A log shifted in the hearth, sending up a shower of sparks.
“You must be Clara Hartwell,” he said, his voice cutting through the hush of the room like a blade through silk.
She didn’t smile. “And you’re late, Mr. Voss.”
The air between them hummed, thick with the weight of unspoken things—the kind of silence that precedes either a confession or a betrayal. Somewhere, a clock ticked, counting down to whatever came next.
";1;0;0;0;1;1
Mistral-large (prompt 3);;"The ritual begins with a pause—just a breath, really—before the first step forward. Hands emerge from pockets or smooth the creases of tailored fabric, fingers adjusting cuffs or brushing imaginary lint from a sleeve. Eyes meet, a fleeting assessment: the tilt of a chin, the set of shoulders, the way light catches the polished toe of a shoe.
A voice breaks the silence, measured and clear: ""How do you do?"" or perhaps a simple, ""Pleased to meet you."" The words are formulaic, but the tone carries the weight of unspoken calculation. A hand extends, palm neither too limp nor too firm, the grip lasting just long enough to signal respect without familiarity.
There’s the exchange of names, sometimes accompanied by a faint nod, a gesture as precise as a comma in a well-crafted sentence. ""Ah, yes, I’ve heard of your work."" A pause. ""Most impressive."" The compliments are careful, placed like chess pieces on a board.
Then, the retreat—a half-step back, the re-establishment of personal space. The air hums with the quiet electricity of first impressions, the kind that lingers long after the hands have parted. The scene closes as it began: with a breath, a beat, and the unspoken question hanging between them—What comes next?
";1;1;0;0;1;1
Qwen 3-Max (prompt 1);;"The grand foyer hummed with muffled chatter and the clink of porcelain. Rain slicked the cobblestones outside, its chill seeping through the tall windows. Eleanor stood near the marble pillar, smoothing her charcoal skirt, when he entered—late, slightly flustered, raindrops glistening in his dark hair.

Their eyes met across the polished floor. He adjusted his cufflinks, squared his shoulders, and approached.

“Ms. Thorne?” His voice was lower than she expected, edged with polite urgency.

“Yes. Mr. Ashworth, I presume?” She offered a hand, cool and steady.

His grip was firm, brief—a handshake calibrated for boardrooms, not ballrooms. A faint trace of bergamot and damp wool clung to him. Behind them, a clock ticked toward the hour.

“Apologies for my tardiness,” he said, glancing at the gilded clock above the mantel. “The traffic—”

“Quite all right,” she interrupted smoothly, though her pulse fluttered like a trapped moth. “Shall we?”

They turned toward the conference room, two strangers bound by agenda and expectation, the air between them still charged with the static of first impressions.
";1;1;0;0;1;1
Qwen 3-Max (prompt 2);;"Rain drummed a muted rhythm against the leaded windows of the Langford Hotel’s reception room, casting shifting silver patterns across the Persian rug. Clara stood just inside the doorway, her gloved fingers tightening around the strap of her briefcase as she scanned the room. He was already there—tall, immaculate in a charcoal suit, one hand resting lightly on the back of a velvet chair as if claiming temporary dominion over the space.
When he saw her, his expression shifted almost imperceptibly: a slight lift of the brow, the ghost of a nod. He crossed the room with unhurried precision.
“Ms. Voss?” His voice was calm, measured, but carried beneath it a current she couldn’t yet name.
“Mr. Duvall,” she replied, offering her hand. His grip was dry, deliberate—not too firm, not too brief. A practiced neutrality.
“I wasn’t sure you’d come in this weather,” he said.
She smiled, just enough. “Some meetings,” she said, “are worth getting wet for.”
Outside, thunder rumbled like a warning. Inside, the air hummed with everything left unsaid.
";1;1;0;0;1;1
Qwen 3-Max (prompt 3);;"In the hushed corridor of a government building or the polished lobby of a corporate tower, it begins with recognition—a slight pause in stride, a tilt of the head. Two figures, strangers bound by appointment, close the final yards with measured steps. Eyes meet, hold just long enough to signal intent, then flicker briefly away in deference to decorum.

“Good morning,” one offers, voice modulated to convey warmth without familiarity.

“Good morning,” the other returns, perhaps adding, “It’s a pleasure,” or “Thank you for making the time.”

Hands extend almost simultaneously—palms dry, grips firm but never crushing, released after two deliberate pumps. A subtle straightening of posture follows, shoulders squared, chins lifted a fraction, as if donning invisible armor. Briefcases or portfolios are shifted, not out of nervousness, but to free a hand or adjust balance.

Names are exchanged again, sometimes with titles: “Dr. Chen,” “Ms. Al-Rashid.” There’s a beat of silence, not awkward but expectant—the space where pleasantries end and purpose begins. The air smells faintly of wool, coffee, and the clean, sterile tang of pressed linen. Everything is controlled, rehearsed, yet charged with the quiet tension of what comes next.
";1;1;0;0;1;1
Gemini 2.5-Flash (prompt 1);;"The hush in the high-ceilinged anteroom was broken only by the muted whir of the air conditioning and the soft, almost reverent click of her heels on the polished marble. He stood, a solid, tailored silhouette against the immense window, the afternoon sun briefly blinding him as he turned. His crisp, starched collar made the faintest dry rustle.
A junior aide, whose nervousness was palpable in the slight tremor of his outstretched hand, murmured the introduction. ""Mr. Vance, may I present Ms. Elara Chen.""
Elara’s gaze, steady and dark, took him in—not a challenge, but a concise appraisal. Her tailored jacket of dove-grey silk seemed to absorb the room's light. Vance extended his hand first, a classic, unhurried motion. As their palms met, the contact was brief, firm, and startlingly cool.
""A genuine pleasure, Ms. Chen,"" his voice was deep, precisely modulated, with the smooth texture of fine bourbon.
""The pleasure is mine, Mr. Vance,"" she replied, her tone equally measured, though a faint, intriguing scent—cedar and something sharp, like crushed mint—wafted between them, a tiny, vibrant disruption in the sterile air. The meeting had formally begun.
";1;1;0;0;1;1
Gemini 2.5-Flash (prompt 2);;"The vast ballroom, smelling faintly of expensive dust and lilies, felt like an enormous, gilded cage holding its breath. When Mr. Elias Thorne was finally introduced to Dr. Vivian Halloway, the world seemed to tilt on its axis for one silent, improbable second. He was a pillar of grey cashmere and reserve; she, a study in electric blue silk, her presence a precise, controlled disturbance in the room’s muted decorum. Thorne offered a hand with a practiced ease that suggested countless previous introductions. ""Dr. Halloway,"" he murmured, his voice a low, steady rumble that somehow carried over the distant murmur of the orchestra. Vivian's glove was cool against his palm, the shake firm but fleeting. Her dark eyes met his for a fraction too long—not an invitation, but an analysis. ""Mr. Thorne,"" she returned, the single name delivered with a melodic sharpness, ""I've been looking forward to this."" The words, seemingly innocuous, hung in the air like the promise of an unexploded secret.";1;1;0;0;1;1
Gemini 2.5-Flash (prompt 3);;"The formal greeting is less an act of connection and more a carefully orchestrated sequence of acknowledgements. It begins with the approach: two figures converging with measured steps, a silent agreement on the space between them. A third party, the facilitator, initiates the ritual, their voice adopting a specific, slightly elevated tone: ""Mr. Sterling, allow me to present Ms. Reyes."" The names hang in the brief pause that follows, a social cue for the principal figures to engage. Eyes meet, often briefly and professionally, before dropping to the offered hands. The handshake is the pivot: a moment of firm, cool contact, precisely one or two pumps. The required verbal formulae follow immediately, delivered without true inflection: ""It’s a pleasure to finally meet you."" The response mirrors the sentiment exactly, ""The pleasure is all mine."" In these first seconds, intent and personality are rigorously masked, replaced by a veneer of mutual respect, concluding the necessary dance before the actual conversation can, or must, begin.";1;1;0;0;1;1
Deepseek V3.2 (prompt 1);;"The heavy oak door swings inward, muffling the din of the party. He stands on the threshold, the scent of cold night air and fine wool clinging to him. She turns from the fireplace, the amber light catching the pearls at her throat.
Their eyes meet across the murmuring room—a swift, assessing glance. He steps forward, his leather soles quiet on the Persian rug.
""Mr. Thorne,"" she says, her voice a measured cadence as she offers a hand.
He takes it; his grip is cool and firm. ""Lady Weston. A pleasure."" The words are formal, but his gaze holds hers a moment too long, a flicker of unspoken curiosity in the grey depths. The air between them tightens, charged with the weight of a first impression, the faint, crisp scent of his cologne a silent challenge in the warm, honeyed room.
";1;1;0;0;1;1
Deepseek V3.2 (prompt 2);;"The ballroom was a constellation of a hundred flickering conversations, but when he bowed and her chin dipped in acknowledgment, the rest of the world fell away. His voice was low, a formal baritone meant only for her. ""Lady Elara. I have been eager to make your acquaintance.""
Her gloved hand rested in his for the briefest moment, a ghost of pressure. ""The honour is mine, Lord Valerius."" Her smile was a practiced, polished thing, not quite reaching her watchful eyes. He did not release her gaze, his own intense and searching, as if he could read the secrets behind her courtly facade. In that suspended silence, charged with unspoken histories and the weight of their titles, the first move in a dangerous game was made.

";1;1;0;0;1;1
Deepseek V3.2 (prompt 3);;"It begins with a measured approach, a deliberate closing of space. A slight, respectful dip of the chin often precedes the first words, voices lowering to a calibrated pitch of courtesy.
""A pleasure to see you.""
The handshake is next—a brief, firm clasp, a silent negotiation of pressure. It is a bridge of formality, lasting precisely three seconds. Eyes meet directly, yet guardedly, over the polite, closed-lipped smiles that never quite reach the eyes. There is a subtle assessment in that shared glance, a swift reading of posture and expression. A slight pull of the shoulders straightens the spine, a universal, unconscious preparation for the performance.
""Likewise. I trust you are well?""
The air hums with unspoken things, the true selves hidden just beneath the polished surface of ritual.
";1;1;0;0;1;1
Chatgpt 5 (prompt 1) Ethiopia;Describe in detail the first moments when two people in Ethiopian society meet in a formal context, as if you are physically present and watching it unfold. Use sensory details and write in a novelistic style under 200 words. You may include direct quotes.”;"When two people meet formally in Ethiopia, the moment unfolds with a quiet choreography. I watch as the older man approaches first, slowing his steps, his polished shoes tapping lightly against the stone. The younger visitor mirrors the pace, lowering his gaze in a brief gesture of respect.
Their hands meet not in a quick clasp but in a layered greeting: a firm shake, a gentle pull inward, shoulders almost touching though bodies remain upright and composed. The air holds the soft scent of roasted coffee drifting from a nearby room, mingling with the faint musk of incense that lingers on the elder’s coat.
“Enkwan dehna metah. Welcome,” the host says, his voice warm but measured. The guest replies softly, “Amesegenallo. Thank you,” adding a slight bow of the head.
There is no rush. A few careful breaths pass. Each observes the other—the crispness of dress, the respectful posture, the subtle smile that signals goodwill. Only after these small, deliberate exchanges do they step aside, hands opening toward the doorway, moving together into the space where the real conversation will begin.
";1;1;0;0;0;0
Chatgpt 5 (prompt 2) Ethiopia;"Write the opening paragraph of a story that begins with two people in Ethiopian society meeting in a formal context. Let it feel like the start of a larger narrative, setting mood and tone as well as describing their first gestures and words. Keep it under 200 words and you may include direct quotes.""";"The moment Tesfaye stepped into the sun-washed courtyard, he saw the visitor already waiting—back straight, hands clasped neatly, eyes lowered in careful respect. Their footsteps met in the middle, deliberate and slow, the gravel crunching softly beneath their shoes. Tesfaye extended his hand first, firm but not hurried, and the younger man mirrored the gesture, leaning in just enough for the brief shoulder touch that signaled courtesy without familiarity. A faint breeze carried the scent of buna roasting in a nearby kitchen. “Enkwan dehna metah,” Tesfaye said, his voice steady. “Amesegenallo,” the visitor replied, inclining his head. For a moment, neither spoke again; they simply observed one another—the measured breath, the composed stance—each silently gauging the path this meeting might open. Only then did Tesfaye motion toward the shaded doorway, where the real purpose of their exchange waited.
";1;1;0;0;0;0
Chatgpt 5 (prompt 3) Ethiopia;"Describe, in a novel-like way, how a formal greeting usually unfolds in Ethiopian society. Do not focus on two specific individuals, but narrate the typical flow of the first seconds in such an encounter as if you were telling a scene from life. Keep it under 200 words and you may include direct quotes.""";"A formal greeting in Ethiopia often begins before a single word is spoken. Two people approach with measured steps, slowing just enough to signal respect. Their shoulders remain straight, eyes briefly lowered, and the air between them grows still, as if the moment itself asks for composure.
Hands meet first—usually a firm handshake, sometimes drawn slightly inward so their shoulders almost touch. It is a gesture both restrained and warm. A soft pause follows, a heartbeat of acknowledgment. The scent of frankincense from a nearby doorway or the faint aroma of fresh buna might drift through the scene.
Only then come the words, offered with calm clarity: “Enkwan dehna metah”—welcome—or “Selam,” simple and precise. The response is equally respectful: “Amesegenallo,” thank you.
A small nod, a slight leaning toward one another, and the tone of the encounter is set. In those brief seconds, hierarchy, courtesy, and intention quietly arrange themselves, creating the foundation on which the rest of the interaction will unfold.
";1;1;0;0;0;0
Mistral-large (prompt 1) Ethiopia;;"The air in the high-ceilinged room hums with the scent of freshly brewed buna—Ethiopian coffee—mingling with the faint, earthy aroma of incense curling from a clay censer in the corner. Sunlight filters through the lattice windows, casting intricate shadows on the polished wooden floor as the two figures approach each other.
The elder, draped in a crisp gabis—a traditional white shawl—extends his hand first, his silver wedi ring glinting. ""Selam,"" he says, his voice warm but measured, the Amharic greeting rolling off his tongue like a familiar melody. The younger man, clad in a tailored suit, bows his head slightly, pressing his palms together before reaching out. ""Selam no,"" he replies, his grip firm but respectful, fingers lingering just a moment longer than a Western handshake.
Their eyes meet—brief, assessing. The elder’s gaze is steady, a silent invitation to trust; the younger’s flickers with deference. A servant glides forward, offering a tray of tiny espresso cups, the dark liquid steaming. ""Buna yishal,"" the elder murmurs, urging him to drink. The younger accepts with both hands, the porcelain warm against his skin. The clink of cups, the murmur of polite inquiries about family and health—each gesture a thread weaving the fragile tapestry of respect. No words are rushed; here, time is not a thief but a guest, welcomed and savored.
";1;1;0;0;1;0
Mistral-large (prompt 2) Ethiopia;;"The rain had just washed over Addis Ababa, leaving the air thick with the scent of damp earth and the distant promise of coffee roasting in the market below. Inside the dimly lit chamber of the old betoch—the traditional house—two men stood framed by the arched doorway, their silhouettes sharp against the flickering glow of the frankinces burning in the corner.
The elder, his gabis draped over broad shoulders, stepped forward first, the beads of his wedi ring catching the light as he extended his hand. ""Selam, my son,"" he said, his voice a low rumble, like the first note of a masenqo tuning in the quiet. The younger man, his suit still crisp despite the humidity, bowed his head before taking the offered hand. ""Selam, Ato,"" he replied, his fingers pressing gently, respectfully, as if testing the weight of the moment.
A servant appeared, silent as a shadow, offering a tray of steaming buna in delicate porcelain cups. The elder took one, his dark eyes never leaving the younger man’s face. ""Drink,"" he urged, ""for the road is long, and we have much to discuss."" The younger man accepted the cup, the warmth seeping into his palms, and knew—this was not just a meeting. It was the beginning.
";1;1;0;0;1;0
Mistral-large (prompt 3) Ethiopia;;"The moment unfolds like a ritual passed down through generations, each gesture a thread in the tapestry of respect. The air is thick with the scent of frankincense and freshly brewed coffee, the murmur of voices softened by the weight of tradition.
First, the approach—slow, deliberate. Eyes meet, not in challenge, but in acknowledgment, a silent exchange of recognition. The elder or host extends a hand, palm open, fingers relaxed, and the greeting begins: ""Selam."" The word lingers, warm and familiar, as the other responds in kind, ""Selam no,"" their voices weaving together like the first notes of a shared song.
Hands clasp, not in the fleeting grip of haste, but with a gentle pressure, a pause—just long enough to convey sincerity. If the setting is intimate, cheeks may brush in a light touch, three times, right to left to right, the scent of sandalwood or coffee clinging to the air. A servant glides forward, offering a tray of tiny cups, the dark buna steaming within. ""Buna yishal,"" the host murmurs, urging the guest to drink, to rest, to be welcomed.
Words follow—polite, measured—inquiring after family, health, the journey. No topic is rushed; time here is not a thief, but a companion, savored in the quiet spaces between words.
";1;1;1;0;1;0
Qwen 3-Max (prompt 1) Ethiopia;;"The afternoon sun slants through the high windows of the Addis Ababa government office, dust motes swirling in golden shafts. A crisp *shamma* drapes the shoulders of the elder official, its white cotton starched stiff. The younger woman, newly appointed, pauses in the doorway—her breath catching slightly.  

""*Tena yistilign?*"" he asks, his voice warm as roasted barley.  

""*Ameseginalehu, wede ameseginalehu*,"" she replies, dipping her head, hands pressed together briefly—a gesture both deferent and graceful. The scent of *koseret* tea and aged paper hangs in the air.  

He rises slowly, extending his right hand; she meets it with her own, but not before the faintest brush of fingers—a custom softened by urban formality yet still rooted in the countryside’s ritual of respect. His palm is dry, hers slightly damp from nerves.  

""*Bete lebelu?*"" he inquires—*How is your family?*—though they’ve never spoken before.  

She smiles, eyes downcast. ""*Dehna, ato.* All are well.""  

Outside, a distant *masenqo* wails from a passing taxi, but inside, time holds its breath in the hush between tradition and protocol.";1;1;0;0;0;0
Qwen 3-Max (prompt 2) Ethiopia;;"Rain threatened but held back as Selam stepped into the Ministry of Culture’s reception hall, the scent of wet eucalyptus drifting through open arches. Her new leather satchel clutched tight, she smoothed the hem of her *habesha kemis*, its embroidery catching the dull light. Across the polished floor, Ato Bekele stood waiting—tall, silver at the temples, his *shamma* draped with the quiet authority of decades in civil service.  

“*Tena yistilign?*” he asked, voice low but resonant, like stones shifting in a riverbed.  

“*Ameseginalehu, ato,*” Selam replied, dipping her chin just so, offering the traditional bow without overdoing deference. She’d rehearsed this moment on the bus from Nazareth, but now her throat felt dry as the Rift Valley in June.  

He studied her—not unkindly—and extended his hand. Not the full Western grip, but the light, respectful clasp still favored by elders who remembered the Emperor’s court.  

“You’re punctual,” he said. “That’s rare these days.”  

A flicker of approval. Or was it a test? Outside, thunder grumbled. The real meeting hadn’t even begun.";1;1;0;0;0;0
Qwen 3-Max (prompt 3) Ethiopia;;"In the hushed corridor of a government office or the sun-dappled courtyard of a community elder’s home, an Ethiopian formal greeting unfolds like a quiet ritual steeped in centuries. The visitor pauses just beyond arm’s length—close enough to show respect, far enough to honor dignity. Shoulders straighten; hands settle gently at the waist or clasp before the chest.  

“*Tena yistilign?*” comes the first murmured inquiry—*May you be well?*  

The reply follows instantly, soft but sure: “*Ameseginalehu*”—*May God make you well too.*  

Then, often, a bow: slight for peers, deeper for elders. If hands are exchanged, it’s with a feather-light touch, the right hand only, sometimes accompanied by a subtle tilt of the head or the left hand briefly cradling the right elbow—a gesture of humility. Among devout Orthodox Christians, one might see the visitor’s thumbs pressed together in a silent cross before speaking.  

“*Bete lebelu?*”—*How is your house?*—follows naturally, because in this land, to ask after a person is always to ask after their family, their hearth, their belonging.  

Only when these words have settled like dust in sunlight does the true purpose of the meeting begin.";1;1;0;0;0;1
Gemini 2.5-Flash (prompt 1) Ethiopia;;"The air, thick with the scent of roasted coffee and myrrh from a nearby censer, stills as Ato Tesfaye approaches Woizero Aster. The formal context—a wedding melse—lends a quiet gravity to their movements.
Ato Tesfaye, dressed in a meticulously tailored suit, executes the initial move. His steps are measured, shoulders slightly bowed in respect. Woizero Aster, elegant in a cream kaba shawl draped over her traditional habesha kemis, meets his gaze with reserved warmth.
He initiates the verbal exchange, his voice a low, polite register: ""Endemin aderu, Woizero Aster?"" (""How was your night/day, Woizero Aster?"")
She responds with equal formality, her hand moving subtly toward his as if to offer a touch, but stopping just short, a common gesture of deference: ""Egziabher yimesgen, Ato Tesfaye. Dehna netu?"" (""Praise God, Ato Tesfaye. Are you well?"")
The brief, careful exchange of inquiries about health and family continues, a necessary, rhythmic dance of respect establishing their social standing before any substantive conversation can begin. Their eyes hold for a moment longer than necessary—a silent acknowledgment of the relationship and the setting—before they turn to their hosts.
";1;0;0;0;1;1
Gemini 2.5-Flash (prompt 2) Ethiopia;;"The high vaulted ceiling of the new community hall, still smelling faintly of fresh paint and incense, amplified the polite murmur of guests, yet all sound seemed to recede as Ato Gebru crossed the polished floor toward Woizero Eleni. It was not a collision, but a carefully choreographed approach: he, slightly stooped in a gesture of profound respect, she, a figure of serene poise in her emerald velvet dress. The air between them, thick with the unsaid weight of family expectation and communal observation, crackled with formality. Ato Gebru reached her, hands clasped loosely before him, and offered the prescribed opening: ""Endemin aderu, Woizero Eleni? The morning light seems to favour you."" His voice was warm, a low baritone that sought to soothe the formality. Woizero Eleni offered the briefest tilt of her head, her dark eyes steady. ""Egziabher yimesgen, Ato Gebru. Dehna netu? We are all well, praise God. I trust your journey was safe?"" The exchange was complete, the formal bridge crossed, leaving the promise of deeper dialogue hanging in the silent space between them.

";1;0;0;0;1;1
Gemini 2.5-Flash (prompt 3) Ethiopia;;"The initiation of a formal Ethiopian greeting is less an abrupt beginning and more a gradual, respectful convergence. It commences with a deliberate slowing of pace as the two parties recognize one another across the room. Distance is closed with measured steps, a visual acknowledgment that this moment holds weight. The first gesture is often a slight, dignified incline of the head, perhaps accompanied by the hands being momentarily clasped or held loosely before the body. The verbal exchange begins, never rushing to the point, but meticulously focusing on well-being and blessing. The elder or more respected person is usually addressed first. ""Endemin aderu?"" (""How was your night/day?"") is the gentle opener, met with the standard, grateful reply: ""Egziabher yimesgen. Dehna netu?"" (""Praise God. Are you well?""). This rhythmic call-and-response of polite inquiries about health, family, and work weaves the required fabric of respect and social order, ensuring that the connection is acknowledged and the relationship properly honored before any true business or conversation can proceed.
";1;0;0;0;0;1
Deepseek V3.2 (prompt 1) Ethiopia;;"The air holds the scent of freshly roasted coffee and dust. Two men approach in the shaded courtyard. Their steps slow, a deliberate ballet of respect.

He is older, his *gabi* shawl draped with calm authority. The younger man, in a pressed suit, stops a full pace away. He tilts his body forward in a deep, sustained bow—*“Ishee,”* he murmurs, a soft exhale of deference.

“*Endemin ameshahu?*” the elder replies, his voice a warm, gravelly timbre, his smile crinkling the corners of his eyes. They do not yet touch.

The younger straightens, meeting the elder’s gaze but not holding it too long. “*Dehna, igzabiher yimesgen.*”

Only then do they lean in. Right shoulders touch, a gentle press of bone and fabric, then left, a triplicate embrace. The sound is a soft rustle of cloth, a low hum of mutual greeting. The elder’s hand rests, briefly, on the younger’s shoulder—a weight of blessing, of welcome into the space. The formal dance is complete.";1;0;0;1;1;1
Deepseek V3.2 (prompt 2) Ethiopia;;"The morning sun slanted through the high windows of the Addis Ababa office, gilding motes of incense-tinged dust. Ato Girma, behind a broad teak desk, did not rise as the younger man entered. The silence was heavy, formal, broken only by the distant cry of a street vendor. Solomon halted two paces from the desk, his new suit stiff, and offered a deep, respectful bow.

“*Ishee, Ato Girma,”* he murmured, eyes lowered to the Persian carpet.

“*Endemin neh?”* The elder’s voice was a low rumble, his assessing gaze missing nothing—from Solomon’s polished shoes to the faint tremor in his hands. He gestured to a chair. “Sit.”

It was not an invitation, but a command. Solomon sat, the leather sighing beneath him. This meeting, he understood, was not merely about the proposed business merger Ato Girma’s letter had mentioned. It was an audition. The older man’s fingers steepled, his signet ring catching the light like a cold, unblinking eye. The real negotiation, Solomon felt with a sinking certainty, had already begun.";1;0;0;0;1;1
Deepseek V3.2 (prompt 3) Ethiopia;;"The air shifts as they meet, a subtle gravity of mutual recognition. There is a pause, a deliberate slowing—a sign of respect, not hesitation. The junior party initiates, bending forward in a gentle, sustained bow, the shoulders sloping gracefully.

“*Ishee*,” they offer, a soft-spoken word of deference that hangs in the space between them.

“*Endemin neh? Tena Yistilign*,” comes the warm, often deeper reply, an inquiry of peace and a blessing. Only after this verbal exchange do they move closer. They lean in, right shoulders touching first—a soft press of cloth and bone—then left, then right again in a triple embrace that is more symbolic than physical. It is a rustle of fabric, a shared breath, the faint scent of frankincense or fresh linen. The elder’s hand may come to rest, briefly, on the other’s shoulder, a silent seal of acknowledgement. The entire dance, formal and deeply familiar, concludes in seconds, having beautifully established the hierarchy and harmony of the moment.";1;0;0;1;0;1
Chatgpt 5 (prompt 1) India;Describe in detail the first moments when two people in Indian society meet in a formal context, as if you are physically present and watching it unfold. Use sensory details and write in a novelistic style under 200 words. You may include direct quotes.”;"The room settles before they do. Ceiling fans stir the warm air, lifting the faint scent of sandalwood and paper. Shoes pause at the threshold; posture straightens. One arrives first, smoothing the crease of a kurta or jacket, eyes briefly lowered, then lifted with practiced attentiveness. When the other enters, there is a fractional stillness—an intake of breath—followed by motion measured and deliberate.
Hands come together in a soft namaste, palms warm, fingers aligned. “Namaskar,” one says, voice even, respectful. If hands meet instead, the shake is light, brief, never grasping. Smiles are restrained, courteous, held just long enough to signal goodwill. Names are exchanged carefully, titles honored; the rhythm is slow, almost ceremonial.
Chairs are offered before they are taken. Water appears, glasses clink gently. The conversation begins not with business but with weather, travel, family—small bridges laid with care. Every gesture weighs the other’s space, every pause acknowledges hierarchy. Authority is present, but so is courtesy; formality hums quietly, like the fan above, steady and attentive.
";1;1;0;0;1;0
Chatgpt 5 (prompt 2) India;"Write the opening paragraph of a story that begins with two people in Indian society meeting in a formal context. Let it feel like the start of a larger narrative, setting mood and tone as well as describing their first gestures and words. Keep it under 200 words and you may include direct quotes.""";"The meeting begins before either of them speaks. In the high-ceilinged office, the air smells faintly of polished wood and cardamom tea, stirred by a fan that clicks with patient insistence. He rises as she enters, smoothing the edge of his jacket, while she pauses a half-second at the doorway, as if measuring the room. Their eyes meet, then soften. Hands come together—namaste—palms aligned, gestures precise. “Namaskar,” he says, careful, formal, the word resting briefly between them. She answers with a slight nod and a smile that does not hurry itself.
Names follow, then titles, each placed gently, like offerings. Chairs scrape lightly against the floor. A glass of water is poured. Outside, a horn sounds and fades. Nothing important has yet been said, but everything already has a shape: respect, distance, curiosity. It is clear that what unfolds here will move slowly, guided as much by pauses as by words, and that this first exchange—measured, courteous, deliberate—will matter long after it ends.
";1;0;0;0;1;1
Chatgpt 5 (prompt 3) India;"Describe, in a novel-like way, how a formal greeting usually unfolds in Indian society. Do not focus on two specific individuals, but narrate the typical flow of the first seconds in such an encounter as if you were telling a scene from life. Keep it under 200 words and you may include direct quotes.""";"A formal greeting in Indian society arrives with a quiet choreography. It begins at the threshold, where shoes hesitate and bodies subtly align themselves to the room. The air holds familiar traces—incense from earlier prayers, paper, warm tea. Backs straighten. Faces settle into attentive calm. Before words, there is recognition: a measured glance, a pause that signals respect.
Hands rise, palms pressed together in namaste, fingers pointing upward, the gesture gentle but deliberate. “Namaskar,” someone says, voice even, neither loud nor hurried. Sometimes the gesture gives way to a brief handshake—light, careful, released almost as soon as it begins. Titles are spoken fully, names handled with care, never rushed. Smiles remain soft, controlled, signaling courtesy rather than intimacy.
Space is carefully negotiated: no one steps too close, no one withdraws too far. Chairs are offered, water poured, the scrape of wood against stone marking the transition from arrival to presence. Only then does conversation begin, often circling weather or travel, as if allowing the room itself to agree that the meeting has properly started.
";1;1;0;0;1;1
Mistral-large (prompt 1) India;;"The air hums with the quiet anticipation of a paused symphony as the two figures approach each other in the high-ceilinged hall, its marble floors reflecting the soft glow of brass lamps. The scent of sandalwood incense lingers, mingling with the faint metallic tang of the silver tray bearing cardamom tea and rosewater-sprinkled towels.
The elder, draped in a crisp, ivory kurta, extends his hands in a namaste, palms pressed together as if cradling an unseen offering. “Namaskar,” he murmurs, voice warm but measured, eyes meeting the other’s with deliberate respect. His counterpart, younger and clad in a tailored navy-blue sherwani, mirrors the gesture, fingers brushing his forehead in a fleeting acknowledgment of elderhood. “Pranaam, ji,” he replies, the honorific slipping seamlessly into the space between them like a shared secret.
A beat of silence. The clink of bangles from a passing attendant punctuates the moment as the elder gestures toward the plush, embroidered cushions. “Baithiye,” he invites, the word soft as the rustle of silk. The younger man settles, spine straight, aware of the weight of tradition pressing gently on his shoulders. The tea is poured—amber liquid swirling into delicate china—and the first sip is taken in unison, a silent toast to the dance of formality beginning between them.
";1;0;0;0;1;0
Mistral-large (prompt 2) India;;"The monsoon’s last whispers clung to the air as the grand doors of the haveli groaned open, revealing a courtyard bathed in the golden haze of dusk. Inside, the scent of mogra and old teakwood curled around the figures of two men, their shadows stretching long across the inlaid marble. The elder, his silver-streaked beard catching the light, stood with the quiet authority of generations—fingers brushing the edge of his embroidered stole as his guest crossed the threshold.
“Namaskar, Panditji,” the younger man said, his voice steady but edged with something unspoken. He pressed his palms together, the sapphire on his ring glinting as it caught the flicker of an oil lamp. The elder’s eyes, sharp as a kite’s, studied him for a breath before he inclined his head. “Aapka swagat hai, beta,” he replied, the words warm but measured, like the first notes of a raga yet to unfold.
Between them, the air hummed—not with tension, but with the weight of what was left unsaid. A servant glided forward, offering a tray of saffron-infused milk, its steam rising like a promise. The younger man hesitated, then accepted. The cup clinked softly against its saucer. The game had begun.
";1;0;0;0;1;0
Mistral-large (prompt 3) India;;"The moment unfolds like the first unfurling of a silk sari—deliberate, layered, charged with unspoken grace. Hands rise almost in unison, palms pressed together as if cradling an invisible flame, fingers pointing skyward in a namaste that bridges the space between strangers and kin. “Namaskar,” one murmurs, the word soft as the rustle of a cotton dupatta, while the other responds, “Pranaam,” the honorific humming like a temple bell in the quiet.
Eyes meet, then flicker away—just for a breath—acknowledging hierarchy, age, the silent calculus of respect. The elder’s hand may lift slightly higher, a wordless blessing, while the younger’s bow is a fraction deeper, a silent vow of deference. A pause. The air carries the scent of sandalwood, the distant clatter of steel glasses being arranged on a tray, the murmur of servants waiting to spring into motion.
Then, the gesture: a hand extended toward a seat, “Baithiye,” the invitation wrapped in warmth, but precise as the fold of a turban. The other complies, knees bending in sync, the weight of tradition settling like the hem of a well-starched kurta. Tea is offered—cardamom-scented, steaming—cups clinking in quiet accord. The ritual is complete, but the story has only just begun to whisper.
";1;0;0;0;1;0
Qwen 3-Max (prompt 1) India;;"The conference room hums with the low thrum of AC and distant traffic. Sunlight slants through venetian blinds, striping the polished teak table. She enters first—Dr. Meera Kapoor, sari pallu neatly draped over her left shoulder, the faint scent of sandalwood trailing her. He rises as she approaches: Mr. Arjun Desai, crisp white kurta, black-rimmed glasses catching the light.

“Dr. Kapoor?” His voice is warm but measured.  
“Mr. Desai. A pleasure.” Her smile is professional, yet her eyes crinkle at the corners.  

He offers a slight *namaskar*, palms pressed together. She mirrors it instantly, the gold bangles on her wrist chiming softly. “*Namaste*.” Their hands don’t touch, but the gesture hangs between them like a shared breath.  

A pause—just long enough for the ceiling fan to sigh overhead. He gestures to the chair. “Please, sit.”  
“Thank you,” she says, smoothing her sari as she settles.  

The air smells faintly of jasmine from the lobby and the sharp tang of fresh printer ink. Outside, a rickshaw blares its horn, a sudden intrusion. Neither flinches. The meeting begins.";1;0;0;0;0;1
Qwen 3-Max (prompt 2) India;;"Monsoon humidity clung to the marble lobby of the Mumbai courthouse, thick as unstirred chai. Rain drummed the awning overhead, a steady percussion beneath which Mr. Vikram Oberoi adjusted his navy blazer and checked his watch—*three minutes late*. Across the room, Ms. Ananya Sen emerged from the downpour, shaking droplets from her umbrella before folding it with deliberate care. Her cream-colored salwar kameez was pristine, her expression unreadable.  

He stepped forward, offering a cautious nod. “Ms. Sen? I’m Vikram Oberoi—the advocate for the other party.”  

She met his gaze evenly, then dipped her chin in acknowledgment. “I know who you are, Mr. Oberoi.” Her voice was calm, but carried an edge like tempered steel.  

They stood a careful arm’s length apart, the space between them charged with civility and something sharper—anticipation, perhaps, or wariness. No handshake, no smile. Only the polite armor of strangers about to spar in legalese, each holding truths the other would soon try to unravel. Outside, thunder rolled, low and ominous, as if the sky sensed what this meeting would unleash.";1;0;0;0;1;1
Qwen 3-Max (prompt 3) India;;"In the hushed corridor of a government office or the polished foyer of a corporate tower, the formal greeting in India unfolds with quiet choreography. One person—often the younger or lower in rank—spots the other first and slows, shoulders straightening almost imperceptibly. As they draw near, a slight pause marks the threshold of acknowledgment. Then comes the *namaskar*: palms pressed together before the chest, fingers pointing upward like temple spires, elbows lifted just so. A gentle dip of the chin follows, never quite a bow, but deference rendered in motion.  

“*Namaste*,” the greeter murmurs, voice low and respectful.  

The other responds in kind—sometimes mirroring the gesture exactly, sometimes with a softer “*Namaskar*” and a nod if age or status commands it. No hands touch; the space between them remains sacred, filled only by the unspoken courtesies of hierarchy, region, and occasion. In southern cities, a hand may brush the elder’s feet in extreme deference; in urban boardrooms, the gesture is brisker, almost businesslike—but still, always, the hands meet the heart before words do. Even in silence, the ritual says: *I see you. I honor you.* And only then does conversation begin.";1;0;0;0;0;1
Gemini 2.5-Flash (prompt 1) India;;"The air in the reception hall is thick with anticipation, smelling faintly of sandalwood and the rich, brewed chai from the refreshment station. Two figures, Mr. Sharma and Mr. Verma, approach each other. The first moment is a careful, measured silence.
Mr. Verma, distinguished in a crisp white kurta-pajama, executes a smooth, almost imperceptible tilt of his head. His eyes, though direct, hold a guarded formality. Mr. Sharma, clad in a sharp, dark suit, mirrors the slight bow. The sound of their heavy leather shoes on the polished marble floor ceases entirely.
Then, the Namaste.
“Namaskar, Mr. Verma. It is a pleasure to finally meet you, sir,” Mr. Sharma intones, the words precise and courteous, his hands coming together in the traditional anjali mudra—palms pressed, fingertips pointing upward.
Mr. Verma responds, his voice a deeper timbre: “The pleasure is all mine, Mr. Sharma. Welcome. Please, come in. Let us talk.” The exchange is a subtle dance of respect, the handshake replaced by this profound, unspoken acknowledgment of their shared cultural ground before business can even be broached. They turn together, their movement synchronized, a silent agreement settling between them.
";1;0;0;0;1;0
Gemini 2.5-Flash (prompt 2) India;;The polished marble floor of the convention foyer reflected the overhead lights like still water, casting long, nervous shadows as Sunil approached the designated table. The air, cool and dry from the aggressive air conditioning, carried only the muffled sounds of distant chatter. He spotted Mr. Kulkarni, already seated, radiating an aura of disciplined patience in a starched, cream-colored cotton shirt. As Sunil drew closer, the older man rose smoothly, his posture impeccable. The critical first moment was silent: Mr. Kulkarni’s hands came together instantly in the precise, reverent Namaste, his eyes acknowledging Sunil with a brief, evaluative glance. Sunil quickly reciprocated the gesture, bowing his head slightly lower than was strictly necessary. “Namaskar, sir. It is truly an honor to finally meet you,” Sunil murmured, ensuring his tone held the correct measure of deference and respect, marking the true beginning of the long, calculated negotiation.;1;0;0;0;1;0
Gemini 2.5-Flash (prompt 3) India;;"The approach is always marked by a measured slowing of pace, a non-verbal cue that recognition has occurred and formality is imminent. As the distance closes, the first sound is usually the almost inaudible rustle of clothing or the subtle shift of weight. The eyes meet, but only for a second, then quickly settle on the hands, which begin the sacred ritual. The Namaste gesture emerges, the palms meeting precisely, the fingertips pointing skyward—a silent acknowledgment of the divine in the other. Simultaneously, the head dips forward, the depth of the bow often a subtle indicator of hierarchy or respect. ""“Namaskar,” or perhaps the more deferential ""“Pranaam,” is offered, the voice clear but modulated, never loud. The immediate sensory impression is one of respectful restraint, a brief, graceful pause in the world where two individuals establish their shared cultural ground before any exchange of business, pleasantries, or information can proceed.";1;0;0;0;1;1
Deepseek V3.2 (prompt 1) India;;"The mahogany-paneled room hums with low conversation, scented with sandalwood and anticipation. He enters, clad in crisp, white khadi. She rises from the brocade sofa, her silk sari whispering.

Their eyes meet, then lower, a respectful dance. He approaches, palms pressed together just below his chin. “*Namaste*, Sharma ji,” he says, his voice a careful baritone.

A slight, formal bow of her head. “*Namashkar*,” she replies, her hands returning the greeting, bangles chiming softly. The gesture creates a sacred space between them.

He presents a small, marigold-strewn box of sweets—*mithai*. “A small token,” he offers, the cellophane crinkling.

“You shouldn’t have,” she demurs, accepting it with both hands, her fingers careful not to touch his. A beat of silence hangs, filled by the distant chant of a television hymn. The ritual is complete, a perfectly executed prologue. Now, and only now, may the business begin.";1;0;0;0;1;1
Deepseek V3.2 (prompt 2) India;;"The air in the High Commissioner's drawing room was thick with the scent of jasmine garlands and unspoken histories. Advait Sharma stood stiffly, the starch of his new sherwani scratching his neck. Across the polished floor, Mrs. Meera Reddy approached, a vision in peacock-blue silk, her gaze as assessing as his own.

His *namaste* was deep, hands pressed firmly together. ""A great honour, Madam Reddy.""

Her returning gesture was precise, a graceful tilt of the wrists. ""The honour is mine, Mr. Sharma. Your father spoke of you often.""

The ancestral name, heavy with legacy and loss, hung between them. Her smile did not reach her eyes, which held a cool, evaluating light. As the string quartet resumed, Advait understood this was not merely an introduction, but the first move in a long-anticipated game. The pleasantries were a veil; the true meeting had already begun in the silent, measured space of their shared, complicated past.";1;0;0;0;1;1
Deepseek V3.2 (prompt 3) India;;"The moment is a quiet choreography of respect. They approach, a careful gap maintained between them. Eyes meet, then dip slightly, not in submission but in acknowledgment of the space and occasion. Hands rise, palms pressed together before the chest or chin—the *namaste* or its regional equivalent—a silent benediction meaning, *I honour the divine within you.*

""Namaskaram,"" one murmurs, voice softened with formality.

""Namaste ji,"" comes the reply, the honorific a cushion of deference.

Often, a small, symbolic gift—a box of sweets, a packet of fruit—is presented with both hands. ""A small thing, please accept."" It is gently received the same way. ""You should not have troubled yourself."" If the hierarchy is clear, a deeper bow or the touching of an elder's feet may follow, a profound instant of humility and blessing. Then, and only then, do the hands fall, the postures relax a fraction, and the space between them becomes a bridge for words, the true meeting beginning.";1;0;0;0;1;1