country;link;text;Inequality in payment;Women Household ;Women work in public;Change in gender role
Australia;https://www.everyculture.com/A-Bo/Australia.html;"Division of Labor by Gender. British ideas and practices involving gender were imported with colonization. Women tend to be associated with the private sphere, unpaid work, and the home, while men tend to be associated with the public sphere, paid work, and the larger society. This division was particularly pronounced in the early years of settlement, when free settler women were seen as homemakers who brought civility to the male population. Migrant women have been valued for their ability to create settled families and generally have entered the country as dependents. Traditionally, occupation has been sex-segregated, with women predominating as domestics and in the ""caring professions,"" such as teaching and nursing. However, sex discrimination and affirmative action policy since the late 1970s has been directed toward promoting gender equality in all spheres. As a consequence, there have been increases in women's participation in secondary and higher education as well as in the general workforce and an increase in the availability of child care. The Relative Status of Women and Men. Many areas of social, economic, political, and religious life remain gendered, generally to the disadvantage of women. Women are underrepresented in scientific occupations, managerial positions, and the professions and overrepresented in administrative and clerical positions. Women earn on average less than men do and spend more time than men doing unpaid domestic work. Women's right to vote in federal elections was included in the constitution of 1901. Nevertheless, the progress of women in entering public office was";1;1;1;1
Brazil;https://www.everyculture.com/Bo-Co/Brazil.html;"Division of Labor by Gender. Gender roles in Brazil vary to some extent by social class, race, and place of residence. White, middle-class and elite women living in large urban centers generally have more occupational choices and greater behavioral flexibility than their poorer, darker, rural sisters. Nevertheless, even when women are employed, men are seen as the primary providers of the family, with women's monetary contributions viewed as supplementary. Moreover, whether employed outside the home or not, women remain responsible for the proper functioning of the domestic sphere, with or without the aid of domestic servants. Today almost 40 percent of Brazilian women have jobs outside the home, although they hold only 2 percent of executive-level positions. And while the number of women in industry has more than tripled since 1970, they are primarily employed in low-skill, low-paying jobs in textiles and electronics. Poor women, especially those in the 20 percent of households with no permanently resident male, take whatever work they can get. Afro-Brazilian women are particularly disadvantaged in this regard; about 70 percent are employed in low-level agricultural, factory, and domestic service jobs. The Relative Status of Women and Men. The mostly male Portuguese colonizers of Brazil brought with them the concept of machismo, which identifies men with authority and strength and women with weakness and subservience. Still, machismo is tempered in Brazil. It lacks the sharp-edged stress on heterosexuality and obsessive dread of homosexuality that characterizes it in other Latin societies. Nevertheless, this world view, combined with the patriarchy of the Catholic Church, laid the foundation for male dominance. As in most of Latin America, Brazil has a double standard in sexual matters. Traditionally, at least, men were expected to demonstrate their virility through premarital and extramarital sexual escapades, while women were supposed to ""save themselves"" for their husbands and remain faithful after marriage. So-called ""crimes of passion"" are linked to this dual sexual standard. In the pastâ€”and occasionally even in modern timesâ€”men who killed their wives believing them to be unfaithful often went unpunished. Women have been slow to receive legal equality in Brazil. They were not given the vote until 1932 and, until the 1960s, women were the equivalent of children under Brazilian law. They needed permission from their fathers or husbands to leave the country and could not open bank accounts on their own. A women's rights movement emerged fairly late compared to that in the United States and has just started influencing legislation and the political process at the onset of the twenty-first century. While it has had some success, for example, in setting up special police stations for abused women, abortion is still illegal, although widespread. Moreover, the emphasis on youth and beauty as a measure of female worth remains unchanged and it is no coincidence that Brazilian plastic surgeons enjoy international renown.";1;1;1;1
China;https://www.everyculture.com/Bo-Co/China.html;Division of Labor by Gender. Before the twentieth century, women were confined to the domestic realm, while men dominated all other aspects of society. The only exception was agriculture, where women's work had a somewhat wider definition. Western influence began to infiltrate the country in The Relative Status of Women and Men. Confucian values place women as strictly subordinate to men, and this was reflected in traditional society. Women had no rights and were treated as possessions, first of their father's and later of their husband's. The practice of foot binding was symbolic of the strictures women faced in all aspects of life. From the age of seven, girls had their feet wrapped tightly, stunting their growth and virtually crippling them in the name of beauty. This practice was not outlawed until 1901. The procedure was inflicted mainly on upper-class and middle-class women, as peasant women needed full use of their feet to work in the fields. The rejection of many traditional values early in the twentieth century resulted in increasing equality and freedom for women. The Western presence in the nineteenth century also had an influence. Raising the status of women was a priority in the founding of the modern state. Women played an important role in the Long March and the communist struggle against the Kuomintang, and under Mao they were given legal equality to men in the home and the workplace as well as in laws governing marriage, divorce, and inheritance. Despite these legal measures, women still face significant obstacles, including spousal abuse and the practice of selling women and young girls as brides.;0;1;1;1
Denmark;https://www.everyculture.com/Cr-Ga/Denmark.html;Division of Labor by Gender. Denmark has the highest percentage of women in the labor market in Europe, with close to 80 percent of women being employed. Since the 1980s, the country has had a public policy of equality of men and women in regard to wages and working conditions, yet men are more likely to get top positions and in general earn higher wages than women. Persistent beliefs associate women with the family and men with work. These practices are enforced by employers who encourage single women and married men to pursue careers. The Relative Status of Women and Men. Since 1924 there have been women in the government, and the representation of women in politics has grown significantly. Today nine of twenty ministers are women. However, state ministers have always been men. The Equal Status Council was founded in 1974 and closed in 2000, when a new equal status law was issued.;1;1;1;1
Egypt;https://www.everyculture.com/Cr-Ga/Egypt.html;"Division of Labor by Gender. Household work and child rearing are almost exclusively women's responsibility. Women also contribute significantly to productive work outside the home, especially in cities. But since the majority of women work in the informal sector, the size of their contribution is often underestimated. In rural areas, women work in the fields in most regions. In addition, women's household responsibilities in villages involve many productive and profitable activities, although they are not generally recognized as ""work."" These activities include caring for animals and processing dairy products. Women may also take part in some stages of preparing crops for market. The Relative Status of Women and Men. In general, men and women have equal legal rights. But equality is not determined only by law. For example, the principle of equal pay applies only in the formal sector. Women working in the informal sector are often paid less than men. Women do not have the same legal rights as men in the domain of personal status (marriage, divorce, child custody). Only Egyptian men have the right to pass on Egyptian nationality to their children. Various feminist and human rights groups, however, are active in promoting legal change in areas of discrimination against women. At home men have more power than women, and are supposed to make the major decisions. Nevertheless, women have much influence and informal power.";1;1;1;1
Ethiopia;https://www.everyculture.com/Cr-Ga/Ethiopia.html;Division of Labor by Gender. Traditionally, labor has been divided by gender, with authority given to the senior male in a household. Men are responsible for plowing, harvesting, the trading of goods, the slaughtering of animals, herding, the building of houses, and the cutting of wood. Women are responsible for the domestic sphere and help the men with some activities on the farm. Women are in charge of cooking, brewing beer, cutting hops, buying and selling spices, making butter, collecting and carrying wood, and carrying water. The gender division in urban areas is less pronounced than it is in the countryside. Many women work outside of the home, and there tends to be a greater awareness of gender inequality. Women in urban areas are still responsible, with or without a career, for the domestic space. Employment at a baseline level is fairly equivalent, but men tend to be promoted much faster and more often. The Relative Status of Women and Men. Gender inequality is still prevalent. Men often spend their free time socializing outside the home, while women take care of the household. If a man participates in domestic activities such as cooking and child rearing, he may become a social outcast. The education of boys is stressed more than that of girls, who are supposed to help with household work. Girls are restricted from leaving the home and engaging in social activities with friends much more than boys are.;1;1;1;1
France;https://www.everyculture.com/Cr-Ga/France.html;Division of Labor by Gender. Peasant households traditionally had a strict gender division of labor The Relative Status of Women and Men. The Napoleonic Code of 1803 denied power to women in marriage, and women did not gain the right to vote until 1944. Only in the 1960s did wives gain the right to open bank accounts or work without the husband's permission. The Badinter Law of 1985 established equal rights for women in marriage. The feminist movement has slowly made advances but continues to struggle. The degree to which farm women have lower status than males is a subject of debate. Economic and cultural factors influence the power of women at the level of the family and community.;0;1;1;1
Georgia;https://www.everyculture.com/Ge-It/Georgia.html;Division of Labor by Gender. There is no explicit division of labor by gender except in the areas of hard physical labor such as mining. The national culture places women in both the role of breadwinner and housewife. Most urban women work when they have the opportunity, although few have positions in the military and law enforcement. Top-level political and business jobs are less accessible for women, and only a few are in the government. No women can become a priest in the Orthodox church or a mullah among Muslims. The Relative Status of Women and Men. The national culture strongly values respect for women. Legislation provides for a woman's right to take the children after a divorce. Women receive pregnancy leaves and earlier retirements and are not subject to military conscription. Although men dominate both public and family life, most housework is done by women. With many young educated women getting better paid jobs than their fathers or husbands, traditional stereotypes of gender-defined social roles are changing.;0;1;1;1
Germany;https://www.everyculture.com/Ge-It/Germany.html;"Division of Labor by Gender. With the transition from agricultural to industrial society in the late nineteenth and early twentieth century, women, who had been largely restricted to the domestic sphere, began to gain access to a wider range of economic roles. More than a century after this process began, women are represented all walks of life. Nevertheless, they are still more likely to be responsible for childcare and household management; and they are disproportionately represented among teachers, nurses, office workers, retail clerks, hair dressers, and building and window cleaners. The Relative Status of Women and Men. The Basic Law of the Federal Republic of Germany states that men and women have equal rights under the law. Nevertheless, women did not enjoy juridical equality in marriage and the family until new family legislation was passed in 1977. Previously, family law, which had been influenced by the religious orientation of the Christian Democratic and Christian Social parties, had stated that women could seek outside employment only if this were consistent with their household duties. East German law had granted women equal rights in marriage, in the family, and in the workplace at a much earlier date. Needless to say, in both the Federal Republic and in the former GDR, the ideal of equality of opportunity for men and women was imperfectly realized. Even under conditions of full employment in East Germany, for example, women were under represented in leading positions in government, industry, and agricultural production.";0;1;1;1
India;https://www.everyculture.com/Ge-It/India.html;"Division of Labor by Gender. Gender provides the basis for a fundamental division of the work force, with perhaps only the lowest day-labor jobs and the most modern professions being regularly staffed by people of both genders. The Relative Status of Women and Men. ""Patriarchal"" is the word most commonly used to describe the traditional Indian family and the gender relationships within it. This is true in all family systems except the defunct matrilineal system of the Nayar castes in Kerala. Within all branches of Hinduism, priests can only be male, though they may be boys. In Islam, the leaders of a prayer group are males. In Zoroastrianism and Roman Catholicism, only men can function as priests. It is said that a woman must first obey her father, then her husband, and then her son; this seems to be the normal pattern as she goes through life. The opinion of the male head of household is especially important in the arrangement of marriages, because in most religious communities these are effectively marriages between two families. At such times, romantic preferences get little consideration. Since it is the male head who typically controls the family's finances, it is he who pays or receives a dowry at the time of a child's marriage. Although older women may be very influential behind the scenes, they wield little legal authority in property and marriage matters.";0;1;1;0
Iran;https://www.everyculture.com/Ge-It/Iran.html;"The Relative Status of Women and Men. The question of gender roles is one of the most complex issues in contemporary Iranian society. Women have always had a strong role in Iranian life, but rarely a public role. Their prominent participation in political movements has been especially noteworthy. Brave and often ruthlessly pragmatic, women are more than willing to take to the streets for a good public cause. Moreover, although the world focuses increasingly on the question of female dress as an indicator of progress for women in Iran (and indeed, in the Islamic world altogether), this is a superficial view. In the years since the Revolution, women have made astonishing progress in nearly every area of life. Both the Pahlavi regime and the leaders of the Islamic Republic have gone out of their way to emphasize their willingness to have women operate as full participants in government and public affairs. Women have served in the legislature and as government ministers since the 1950s. The average marriage age for women has increased to twenty-one years. Iran's birthrate has fallen steadily since before the Revolution, now standing at an estimated 2.45 percent. Education for women is obligatory and universal, and education for girls has increased steadily. The literacy rate for women is close to that of men, and for women under 25 it is over 90 percent, even in rural areas. Female employment is the one area where women have suffered a decline since the Revolution. Even under the current Islamic regime, virtually all professions are theoretically open to womenâ€”with an important caveat. The difficulty for the leaders of the Islamic republic in allowing women complete equality in employment and public activity revolves around religious questions of female modesty that run head-to-head with the exigencies of public life. Islam requires that both women and men adopt modest dress that does not inflame carnal desire. For men this means eschewing tight pants, shorts, short-sleeved shirts, and open collars. Iranians view women's hair as erotic, and so covering both the hair and the female form are the basic requirements of modesty. For many centuries women in Iran have done this by wearing the chador, a semicircular piece of dark cloth that is wrapped expertly around the body and head, and gathered at the chin. This garment is both wonderfully convenient, since it affords a degree of privacy, and lets one wear virtually anything underneath; and restricting, since it must be held shut with one hand. Makeup of any kind is not allowed. In private, women dress as they please, and often exhibit fashionable, even daring, clothing for their female friends and spouses. Any public activity that would require women to depart from this modest dress in mixed company is expressly forbidden. Professions requiring physical exertion outdoors are excluded, as are most public entertainment roles. Interestingly, film and television are open to women provided they observe modest dress standards. This has created an odd separate-but-equal philosophy in Iranian life. Some Westernized Iranian women have long viewed obligatory modest dress in whatever forms as oppressive, and have worked to have standards relaxed. These standards certainly have been oppressive when forced on the female population in an obsessive manner. Revolutionary Guards have mutilated some women for showing too much hair or for wearing lipstick. But the majority of women in Iran have always adopted modest dress voluntarily, and will undoubtedly continue to do so in the future no matter what political decisions are made on this matter. The emotional roles of Iranian men and women are different from those in the United States and many other Western countries. In particular, it is considered manly for men to be emotionally sensitive, artistically engaged, and aesthetically acute. Women, by contrast, can be emotionally distant and detached without seeming unfeminine. Open weeping is not shameful for either sex. Both sexes can be excessively tender and doting toward their same-sex friends with no intention of eroticism. Kissing and hand-holding between members of the same sex is common. By contrast, physical contact between members of the opposite sex is assiduously avoided except between relatives. Western men offering to shake a traditional Iranian woman's hand may see her struggling between a desire to be polite, and a desire not to breech standards of decency. The solution for many a woman is to cover her hand with part of her chador and shake hands that way. Under no circumstances should a proper man or woman willingly find themselves alone in a closed room with a member of the opposite sex (except for his or her spouse).";0;1;1;1
Italy;https://www.everyculture.com/Ge-It/Italy.html;"Division of Labor by Gender. Traditionally, men went out to work and women took care of the home. After World War II, that arrangement changed rapidly. While old notions of gender segregation and male dominance prevail in some rural areas, Italian women have been famous for their independence and many anthropological and historical works point out that their assumed past subordination was often overstated. Currently, women participate in every aspect of political, economic, and social life. Women are equal under the law and attend universities and work in the labor force in numbers commensurate with their share of the population. A sign of female independence is Italy's negative population growth. It is true, however, that women continue to perform many of the same domestic tasks they did in the past while assuming new responsibilities. The Relative Status of Women and Men. In Italian culture, men were given preferential status and treatment. Women were assigned the position of the ""soul"" of the family, while men were the ""head."" Men were to support and defend the family while women raised the children and kept themselves chaste so as not to disgrace the family. How much of the ideal was ever found in the real world is problematic. Women in general always had more power than they were traditionally supposed to have. Currently, Italian women are often considered the most liberated in Europe.";0;1;1;1
Japan;https://www.everyculture.com/Ja-Ma/Japan.html;"Division of Labor by Gender. Because of ShintÅ� beliefs about ritual purity and pollution, women were excluded from many aspects of ritual life. Women were not permitted to enter certain sacred spaces, and in some communities were forbidden to board fishing vessels or enter mines or tunnels. Most of these prohibitions have vanished, but in some ritual contexts they continue. For example, women are still excluded from sumÅ� wrestling rings. Neo-Confucianism defined all social roles in terms of hierarchical relationships; including the domination of husband over wife and of father over children. In the late nineteenth century, when new legal codes institutionalized family norms, the control of husband over wife was codified. In virtually all legal, political, and social contexts outside the home, women were subordinate to the male household head. The Relative Status of Women and Men. Authority and autonomy for women traditionally were confined to domestic matters. A male household head represented the family to the outside world and controlled its public affairs; within the home, his wife might exercise great control in managing the day-to-day life of the family. Changes in family structure since the end of World War II have eroded the patriarchal domination of households. The constitution of 1947 made equality of the sexes an established principle, and the legal framework of the traditional family structure has been dismantled. However, the practical impact of legal changes on women's status has been gradual. Despite Women's social participation also reflects various gendered divides. The Japanese language includes sharply divergent styles of speech for men and women. Women often are expected to use a more polite and formal style of speech that implies deference and observance of the established hierarchy.";0;1;1;1
Mexico;https://www.everyculture.com/Ma-Ni/Mexico.html;"Division of Labor by Gender. The degree of economic participation of women was 35 percent in 1995, while that of men was about 75 percent. Nevertheless, female economic participation is increasing rapidly. In addition, it is generally assumed that many women are employed in nonregistered and underpaid informal activities. Women also generally earn less than men and their level of educational is lower. Most women are economically active when they are young (between twenty and twenty-four years of age). Although the political arena is strongly dominated by men, the presence of women in public space has become more common place. In the early twenty-first century, for example, the leadership of major political parties was in the hands of female politicians, as was the government of Mexico City and the chair of Mexico's largest union. The involvement of women in numerous social movements has also been significant. The Relative Status of Women and Men. Although women and men are equal before the law, clear differences persist in terms of authority and privileges. Women play crucial roles in the family, but even here the male is ""chief of the family"" ( jefe de familia ). Women are seen as the caretakers of morality and hence take center stage in the domain of religion. In assigning males and females to different economic, political, and social roles, Mexicans can make use of complex and sometimes contradictory cultural representations of masculinity and femininity. The two key cultural icons for defining femininity are La Malinche and the Virgin of Guadalupe. The myth of La Malinche refers to the Indian woman who was given to conqueror HernÃ¡n CortÃ©s in 1519. During the remaining part of the conquest she was his interpreter and ""mistress."" La Malinche is the collaborator and traitor, but also the sexually violated who gave birth to an illegitimate son, the first mestizo . In contrast to La Malinche, the Virgin of Guadalupe represents suffering and sacrifice. This has given rise to the image of the submissive, self-sacrificing, but virtuous woman ( la abnegada ). Together these myths explain the ambiguity attached to defining females. The key concept for defining masculinity is machismo, which is associated with violence, power, aggressiveness, and sexual assertiveness. These general cultural representations have formed the basis for ideas of ""natural"" male dominance and power and female suffering and motherhood. They have been influential in the imagery of Mexican men and women, but they are increasingly considered simple stereotypes. Under the influence of profound social and cultural transformations in an increasingly urbanized Mexico, perceptions of masculinity and femininity are shifting continuously.";1;1;1;1
New Zealand;https://www.everyculture.com/Ma-Ni/New-Zealand.html;Division of Labor by Gender. The stereotype of women in the home and men in the workplace is slowly disappearing. There has been an increase in the number of de facto partnerships and a resulting lack of commitment of men financially and emotionally to children and domestic responsibility. The Ministry of Women's Affairs seeks to enforce equal opportunity legislation. Shearing gangs are traditionally mixed (male shearers/female sorters), and trades and occupations are becoming less gender-based. There is one female bishop (Anglican), though congregations are overwhelmingly female. In 1996 there were forty women members of parliament, and in 1997 the first woman prime minister took office. The Relative Status of Women and Men. New Zealand was shocked by the power of gender difference among Maori as shown in the movie Once Were Warriors . Many would argue that although those portrayed were Maori, the degree of domestic sexual abuse and violence is a feature of New Zealand society. Under law there is no gender discriminations. Though almost as many women as men graduate with doctorates, in 1997 there were 402 male professors and 46 female ones. All seven university vice-chancellors were male. Women have been most successful in business at the upper middle range of the executive level or as national magazine editors or heading their own niche companies. Some sports teams are mixed.;1;1;1;1
Nigeria;https://www.everyculture.com/Ma-Ni/Nigeria.html;Division of Labor by Gender. In general, labor is divided in Nigerian society along gender lines. Very few women are active in the political and professional arenas. In urban areas, increasing numbers of women are becoming involved in the professional workforce, but they are greatly outnumbered by their male counterparts. Women who do manage to gain professional employment rarely make it into the higher levels of management. However, women in Nigeria still play significant roles in the economy, especially in rural areas. Women are often expected to earn significant portions of the family income. As a rule, men have little obligation to provide for their wives or children. Therefore women have traditionally had to farm or sell homemade products in the local market to ensure that they could feed and clothe their children. The division of labor along gender lines even exists within industries. For example, the kinds of crops that women cultivate differ from those that men cultivate. In Igbo society, yams are seen as men's crops, while beans and cassava are seen as women's crops. The Relative Status of Women and Men. Modern Nigeria is a patriarchal society. Men are dominant over women in virtually all areas. While Nigeria is a signatory to the international Convention on Equality for Women, it means little to the average Nigerian woman. Women still have fewer legal rights than men. According to Nigeria's Penal Code, men have the right to beat their wives as long as they do not cause permanent physical injury. Wives are often seen as little more than possessions and are subject to the rule of their husbands. However, women can exercise influence in some areas. For example, in most ethnic groups, mothers and sisters have great say in the lives of their sons and brothers, respectively. The blood relationship allows these women certain leeway and influence that a wife does not have.;1;1;1;1
Russia;https://www.everyculture.com/No-Sa/Russia.html;"Division of Labor by Gender. Traditionally, society was structured around gendered divisions of labor and authority. Rural communities were exogamous, patrilocal, and patriarchal, with newly married women subservient in the families of their husbands until they had borne sons. Among the gentry, every detail of household management was prescribed and encoded in laws that addressed even the most intimate details of family life. A key part of communist ideology was the freeing of women from oppressive norms and structures. Women were trained for and encouraged to take up what was previously male-only labor, such as operating agricultural machinery, working in construction, and laying and maintaining roads and railbeds. Nurseries and day care centers were established to free women from child rearing. Women's increased participation in medicine, engineering, the sciences, and other fields was supported. ""Liberated"" to work in public jobs, women often retained the burden of all household work as people held to customary notions of domestic propriety. Also, their equal employment status was not reflected in the workplace, where women faced several forms of discrimination. Nevertheless, in a number of domains, particularly in medicine and education, Soviet women gained authority and status. By the 1980s, one-third of the deputies to the Supreme Soviet were female, and women accounted for over 50 percent of students in higher education. Much of the hard-earned status of women has eroded. As unemployment grew in the 1990s, the first to be discharged from lifelong positions were women; management jobs in the new commercial sector were reserved for men, and a traditionalist view of work and family reasserted itself throughout society. In part, this was a backlash against the ""double burden"" of employment and household labor; some women whose husbands had succeeded in the new economy were glad to leave their jobs and take up full-time household and family care. For women who want or need to work, recent trends toward devaluing women's work have been demoralizing and financially devastating. Some women have become entrepreneurs, although they face gender prejudice in setting up businesses and often are not taken seriously. The percentage of women holding political office has declined, and women's participation in high levels of industry, the sciences, the arts, and the government has shrunk, especially in big cities. Significant numbers of young women have been lured into prostitution, which appears to be the only way to escape poverty for many impoverished women from provincial regions. The Relative Status of Women and Men. Many people have an inflexible image of gender roles and skills: men cannot cook, clean house, or perform child care, whereas women are bad at driving cars, managing finances, and supervising others. Men are valued for patriarchal and stern leadership, bravery, physical strength, and rationality; women are valued for beauty, intuition, emotional depth, and selfless generosity. Women are disproportionately represented among the devout, but the priesthood and hierarchy of the Orthodox Church are strictly male. Some new religious groups have women in leadership roles. Women are held in high regard as mothers, nurturers, and bearers of the most sacred dimensions of the culture. Many people value this conception of femininity and fear that it will be spoiled by feminists. Women's movement activists struggle against this viewpoint.";1;1;1;1
Saudi Arabia;https://www.everyculture.com/Sa-Th/Saudi-Arabia.html;"Division of Labor by Gender. Strict gender segregation is sanctioned by the state and society. Males and females who are not not barred from marriage by incest rules should not interact in individual or group settings. Women may work outside the home in settings where they do not have contact with unrelated men. Women are employed in girls' schools and the women's sections of universities, social work and development programs for women, banks that cater to female clients, medicine and nursing for women, television and radio programming, and computer and library work. Sections of markets are set aside for women sellers. However, only about 7 percent of Saudi Arabia's formal workforce is female. The Relative Status of Women and Men. Men have more rights than do women. Women are not allowed to drive; cannot travel abroad without the permission or presence of a male guardian ( mahram ); are dependent on fathers, brothers, or husbands to conduct almost all their private and public business; and have to wear a veil and remain out of public view. However, women can own property in their own names and invest their own money in business deals. Women's status is high in the family, especially in the roles of mothers and sisters. Significant numbers of women have had high levels of success in academia, literary production, business, and other fields, yet their achievements go publicly unremarked and they are barred from most aspects of public life.";0;1;1;0
Turkey;https://www.everyculture.com/To-Z/Turkey.html;Division of Labor by Gender. Turkish law guarantees equal pay for equal work and has opened practically all educational programs and occupations to women. Exceptions are the religious schools that train imams (Islamic prayer leaders) and the job of imam itself. In general, men dominate the high-status occupations in business, the military, government, the professions, and academia. According to traditional values, women should do domestic work and not work in the public arena or with unrelated men. However, women have begun to work more in public. Lower-class women generally have worked as maids, house cleaners, women's tailors, seamstresses, child care givers, agricultural laborers, and nurses, but in the early 1990s, about 20 percent of factory employees and many store clerks were women. Middle-class women commonly are employed as teachers and bank tellers, while upper-class women work as doctors, lawyers, engineers, and university teachers. Only a small percentage of women are politicians. Men work in all these fields but avoid the traditional nonagricultural occupations of lower-class women. Men monopolize the officer ranks in the military and the transportation occupations of pilot and taxi, truck, and bus driver. In urban areas, lower-class men work in crafts, manufacturing, and low-paid service industries. Middle-class men work as teachers, accountants, businessmen, and middle-level managers. Upper-class men work as university teachers, professionals, upper-level managers, businessmen, and entrepreneurs.;0;1;1;1
United States of America;https://www.everyculture.com/To-Z/United-States-of-America.html;"Division of Labor by Gender. Although most women work outside the home, household and child-rearing responsibilities are still overwhelmingly the responsibility of women. The ""double day"" of women consists of working and then returning home to do domestic chores. This situation persists in spite of the cultural belief that men and women are equal. Studies carried out in middle-class homes, in which couples claim to share household duties, show that women still do the vast majority of domestic work. Although young women as a whole spend much less time on domestic chores than their mothers did, this is attributable not to the fact that men do a significant share of domestic work, but to the fact that women spend less time cooking, cleaning, and caring for children than they did in the past. Women are paid seventy cents to every male dollar for comparable jobs. Occupations continue to be defined along gender lines. Secretarial or low-level administrative jobs are so overwhelmingly female that they have been termed pink-collar jobs. In the white-collar world, women often occupy middle-management positions. With a few exceptions, the ""glass ceiling"" keeps women out of high management positions. This situation is justified on the grounds that women take time from their working lives to raise children and therefore do not spend the same amount of time developing their working careers that men do. Occupations requiring nurturing skills, such as teaching and nursing, are still predominantly female. Within the blue-collar sector, women are underrepresented in jobs considered to require physical strength, such as the construction industries and firefighting. Women often fill low-paid positions in industry, such as assembly-line work, sewing, and electronics assembly. This is justified on the basis that women are by nature more dextrous and that their small hands suit them to assembly-line work. It is more likely that the low wages offered by these factories explains the recruitment of female laborers, whose other options may include even less desirable seasonal and temporary work. The Relative Status of Women and Men. In legal terms, women have the same formal rights as men. They can vote, own property, choose to marry or divorce, and demand equal wages for equal work. They also have access to birth control and abortion. The status of women in relation to men is very high compared to the situation in many other countries. However, women as a whole do not receive the same social and economic benefits as men. Women are greatly underrepresented in elected political offices and are more likely to live in poverty. Female occupations both in the home and in the workplace are valued less than men's. Women are more likely than men to suffer from a sense of disempowerment and to have a distorted or low self-image.";1;1;1;1
Chatgpt 5 (prompt 1);Describe, in detail, how roles and responsibilities are distributed between genders within a society, as if you are observing them directly. Capture the tone and rhythm of daily life that reveal expectations, boundaries, and participation in different spheres. Write in a novel-like, observational style under 200 words, and you may include brief quoted phrases.;"At dawn, the street divides itself without words. Men move outward — to workshops, fields, and storefronts — their strides measured by purpose and time. Women move inward, their labor folded into courtyards and kitchens, where the day hums in quieter industry. The scent of bread, the rhythm of sweeping, the low call to a child — these are their signatures on the morning.
At the market, voices mingle: men bargaining over weight and price, women exchanging news between baskets of herbs. Each knows the limits of where one’s say begins and another’s ends. “That’s a man’s affair,” someone might murmur when talk turns to land or wages, and the words fall not as insult but as inherited law.
Yet boundaries shift in small, persistent ways. A girl follows her father to the fields; a son lingers by the stove, stirring lentils. In these gestures — hesitant, uncelebrated — the script trembles. Still, by evening, the world resumes its order: men gathered beneath the dim light of cafés, women behind latticed windows, their laughter muted but not absent, carrying through the walls like a quiet promise that the pattern, though old, is not unbreakable.
";0;1;1;1
Chatgpt 5 (prompt 2);Write the opening paragraph of a text that begins with a moment shaped by gender roles or relations. Let it feel like the start of a larger narrative that reflects how people move within, adapt to, or challenge these social patterns. Keep it under 200 words and you may include short dialogue.;"The morning began with a small rebellion. Laleh stood at the well, her sleeves rolled to the elbow, the bucket rope rough against her palms — a task her brothers would have mocked as “women’s work.” Across the yard, her mother’s voice rose, sharp and weary: “Leave that be, girl! You’ll make people talk.” But Laleh did not stop. The village was already awake, its order unfolding like clockwork — men striding toward the fields with their tools slung over shoulders, women stooping by hearths and basins, their motions inherited as surely as their names. Dust swirled between the two worlds, carrying gossip and grain alike. Laleh watched the men disappear down the road, the horizon brightening behind them, and wondered — not for the first time — who had drawn the line between what belonged to strength and what belonged to silence.
";0;1;1;1
Chatgpt 5 (prompt 3);"Describe, in a novel-like but reflective way, how gender shapes social and economic life within a society. Do not focus on particular individuals; instead, narrate the general flow of work, participation, and recognition across genders as part of collective life. Keep it under 200 words.";"In this society, gender is the quiet architect of rhythm — arranging who rises first, who speaks in meetings, who is seen and who remains in the background. Labor divides itself almost instinctively: men take to the public, the transactional, the visible; women sustain the invisible scaffolding that keeps the public intact. Fields are plowed, contracts signed, speeches made — yet behind each act lies the unrecorded labor of meals prepared, garments mended, tempers soothed, and accounts remembered by heart.
Recognition follows the gaze, not the effort. Wealth and titles gather where voices carry farthest, while endurance — the steady, continuous kind — accrues in silence. Markets bear men’s names; homes bear women’s order. Still, beneath the surface of separation, lines blur: women trade from doorways, men seek counsel in kitchens. The old balance persists, but its edges fray. Change comes not as revolt but as accumulation — one woman learning to sign her name, one man pausing before dismissing a voice. Over time, these small permissions become fault lines, and the structure, though standing, begins to shift under the quiet weight of recognition long deferred.
";1;1;1;1
Mistral-large (prompt 1);;"
The sun barely clears the rooftops when the first voices rise—women’s voices, sharp and rhythmic, bargaining over tomatoes and yarn. Their baskets sway, heavy with the day’s first purchases, while men linger at the edges, sipping tea, discussing prices like spectators. ""Not a coin more,"" one woman snaps, her fingers deft as she counts change, her daughter tugging at her sleeve, already learning the weight of a fair deal.
By midday, the streets hum with division. Men stride toward the workshops, their boots kicking up dust, tools clinking in their belts. The blacksmith’s son, barely fifteen, already swings a hammer under his father’s watchful eye—""Harder, or the iron laughs at you."" Women weave between doorways, balancing trays of bread, their laughter cutting through the clatter of industry. The schoolmaster, a man with ink-stained cuffs, nods at the girls hurrying past, their books clutched tight—""Mind your sums, now.""
Evening brings a shift. The men return, their shoulders squared with the day’s labor, while women stir pots, their hands never still. Children dart between legs, reciting lessons or mimicking chores. The elders, both men and women, sit on the porch, their voices low, stitching stories into the fabric of the day. ""A man builds the house,"" the old carpenter says, ""but a woman builds the home."" The words hang, unchallenged, as the fire crackles on.
";0;1;1;1
Mistral-large (prompt 2);;"The first time Lina refused to lower her eyes, the village held its breath. She stood in the center of the square, her father’s plow slung over her shoulder like a dare, while the men gathered around the well paused mid-sentence. ""That’s not women’s work,"" old Tomas muttered, but his voice lacked its usual bite—because the fields were parched, the harvest late, and every pair of hands mattered now. Her mother’s fingers tightened around the basket of mending, but she didn’t call Lina back.
Across the square, Javier wiped his brow and spat into the dust. He’d been set to hire a boy from the next farm, but the boy had never come. Now here was Lina, her chin lifted, waiting. The silence stretched, thick as the heat. Then, with a grunt, he jerked his head toward the oxen. ""Can you handle them?"" he asked, not unkindly. The question wasn’t really about strength. Everyone knew that. It was about the shape of the world, and whether it could bend—just a little—without breaking. Lina adjusted her grip on the plow and stepped forward.
";0;1;1;1
Mistral-large (prompt 3);;"Before dawn, the city stirs with the quiet labor of hands that will never be named in ledgers. The market awakes to women’s voices—sharp, rhythmic—weighing spices, counting coins, their fingers deft as they tie bundles of herbs or mend nets while children cling to their skirts. This is the work that feeds but is rarely tallied: the stitching of clothes, the bargaining for rice, the remembering of debts. Men move through these spaces like currents, their strides purposeful toward the docks, the forges, the council halls where decisions are carved into stone. Their labor is measured in wages, in the heft of beams and the clink of metal, in names called out at day’s end: ""Master, foreman, son.""
By midday, the divide deepens. The taverns hum with men’s laughter, their deals sealed over ale, while women serve, their smiles practiced, their ears sharp for the whispers that slip between cups. Schools teach boys to wield pens like swords; girls learn to wield silence, to move unnoticed unless needed. Even the streets seem to know their lanes—men claim the center, women the edges, their baskets swinging like pendulums marking time.
And yet, in the cracks, things shift. A woman’s remedy cures where the physician’s failed. A man rocks a cradle when the mother is gone. The city breathes, uneven but alive, on the backs of both—one seen, one unseen, both indispensable.
";1;1;1;1
Qwen 3-Max (prompt 1);;"Dawn breaks, and the courtyard stirs. Men stride toward the fields, boots crunching gravel, their voices low and purposeful—“The south plot needs plowing.” Women remain, already moving between hearth and well, skirts brushing damp earth. A child tugs at his mother’s apron; she shushes him without breaking rhythm, stirring porridge with one hand, braiding her daughter’s hair with the other.  

By midday, the market hums. Men haggle over grain sacks, shoulders squared in negotiation. Women cluster near the textile stalls, fingers testing weave and weight, their chatter laced with sharp barter: “This wool’s too coarse for winter.” Yet they rarely approach the ledger tables—those belong to men’s ink-stained hands.  

Evenings draw families inward. Fathers carve tools or mend harnesses by lamplight, sons at their elbows. Mothers mend clothes, daughters threading needles in silent apprenticeship. Laughter rises, but boundaries hold: a boy is sent to fetch water from the communal pump; a girl is called to watch the stew.  

“No one says it outright,” murmurs an old woman rocking on the porch, “but the walls are built in the doing.”";0;1;1;0
Qwen 3-Max (prompt 2);;The knife slipped the moment Lien tried to carve the roast duck—her wrist too slight, her grip too hesitant, or so the silence around the table claimed. Her brother Minh didn’t smirk, not exactly, but his eyes flicked to their father, who cleared his throat and reached across without a word. “Let me,” he said, voice soft as if sparing her shame. Lien withdrew her hands into her sleeves, the warmth of the kitchen suddenly stifling. Outside, rain began to patter on the tin roof, a quiet counterpoint to the clink of her father’s blade cleanly parting meat from bone. She watched his hands—broad, sure, practiced—and wondered if skill was inherited or simply granted. At sixteen, she’d cooked every meal this household had eaten for three years, yet tonight, before guests, the knife wasn’t hers to hold. Later, she’d scrub the grease from her fingers and sketch blade designs in the margins of her school notebook—longer, lighter, balanced for smaller hands. For now, she passed the platter with a smile stitched tight at the corners. “It smells wonderful, Father,” she said.;0;1;0;1
Qwen 3-Max (prompt 3);;"In this society, labor is divided not by decree but by the quiet weight of custom, worn smooth through generations. Men move through the public sphere—plowing fields, trading in markets, sitting on councils—where their work is counted, named, and compensated in coin or status. Women’s labor flows like groundwater: essential, unseen. They seed and weed the kitchen gardens, spin thread into cloth, tend the sick, and raise the next generation of hands that will inherit these rhythms. Their contributions sustain the household, yet rarely appear in ledgers or laws.  

Recognition follows visibility. A man’s harvest is celebrated at festival; a woman’s preserved stores, which keep the village through winter, go unmentioned. When decisions are made about land or trade, men’s voices fill the room; women’s counsel, if sought, is offered in doorways or over shared laundry, absorbed without attribution.  

Still, adaptation hums beneath the surface. In lean years, women barter surplus eggs or weave baskets for sale, their economic agency expanding just enough to hold the fabric together—though never enough to reweave it. Gender here is less a boundary than a current: invisible, inevitable, shaping where each body may flow, and how deeply it is seen.";1;1;1;1
Gemini 2.5-Flash (prompt 1);;"The dawn unfurls a familiar tapestry of duties. The men congregate by the central square, their voices loud and pragmatic as they discuss the ""work of the world""—the heavy labor, the trade negotiations, the outward-facing decisions. Their sphere is the public, the visible. Meanwhile, the women orchestrate the quieter hum of domesticity: the meticulous care of the young and old, the management of stores and provisions, the weaving of textiles—a relentless, ""unending task.""
Their paths rarely cross until the evening meal. Even then, the segregation persists: men lead the discussions, their opinions ""naturally carrying more weight,"" while women offer support or specialized knowledge related to the home or community well-being, their roles ""anchoring the very foundation."" Boundaries are subtle but absolute, governing where one stands, what one speaks, and who ultimately governs the shape of tomorrow.
";1;1;0;0
Gemini 2.5-Flash (prompt 2);;"The midday sun beat down on the stoep, baking the dust to a pale, unforgiving ochre, and Elias knew better than to be caught loafing near the well with the other boys. His father, a man whose word was as solid and unyielding as the granite of the quarry, had explicitly told him, ""Your mother is in need of a strong back for the pantry shelving, not a loud mouth for gossip."" He hated the shelving, the way the close, flour-scented air settled on him, demanding quiet, meticulous work while the real work—the hauling, the building, the loud, visible transactions of men—happened under the open sky. From the shadow of the acacia tree, his older sister, Rhea, caught his eye, a faint, knowing smile touching her lips as she adjusted the heavy basket of laundry on her hip. She had already accepted her sphere. He, however, was still pacing the narrow, contested border between what was expected and what he truly yearned for.
";0;1;0;1
Gemini 2.5-Flash (prompt 3);;The economy breathes with a bifurcated rhythm. One current, loud and directional, flows through the marketplaces and industrial centers, marked by male participation. This is the 'recognized capital': the wages, the contracts, the visible accumulation that dictates public policy and societal value. Their labor is measured in tonnage and ledger entries, resulting in a visible social authority. The other current, quieter and pervasive, is carried by the women—the constant, complex maintenance of life itself. Theirs is the 'invisible infrastructure': the food production, the care economy, the detailed administration of the household and kin.1 This labor, though essential, is often unpaid, unrecorded, and therefore carries a lighter social recognition, pushing them to the periphery of formal power.2 Social life orbits these two poles: men holding the visible reigns of governance, women ensuring the very ground beneath their feet remains stable, a pattern accepted as simply the natural order.;1;1;0;0
Deepseek V3.2 (prompt 1);;"The rhythm of the city is gendered. From dawn, a great sorting begins, channeling energies into well-worn grooves. One stream flows toward factories, construction sites, and the open, muscular world of production, a sphere historically claimed and structured by men. Their labor builds the visible skeleton of society, its value quantified in immediate wages and public recognition.

Another current, just as vital, moves into the intricate, often unseen, web of social reproduction. This is the domain of nurturing, teaching, and sustaining—the private world of home and the undervalued public extensions of care, predominantly shouldered by women. Here, the work is cyclical, its rewards intrinsic and its economic return diminished.

A silent ledger tallies this division. Power, capital, and public acclaim accumulate on one side, while the indispensable work of maintenance fuels the system from the shadows. The entire machinery depends on this imbalance, on the quiet, persistent labor that asks for little but upon which everything else is built.";1;1;1;0
Deepseek V3.2 (prompt 2);;"The morning was a silent negotiation. As the sun pierced the kitchen window, a cup of coffee, black, was placed before him by his wife. Her own mug, already half-empty, sat beside the packed lunch she’d made while he read the news. It was a ritual so ingrained it felt innate. He gulped the last of it, the bitter taste a prelude to the world outside.

“Keys?” she asked, her voice soft but practical.

He patted his pocket, nodding. “By the door.”

Her hand brushed his as she passed him his briefcase, a touch that was both affection and transfer of duty. In that moment, their roles were a well-rehearsed play: his to conquer the external world, hers to maintain the internal one. He stepped out into the hum of the city, she turned back to the quiet house, each moving into a current shaped for them long before they ever met.";0;1;0;0
Deepseek V3.2 (prompt 3);;"The city breathes a gendered rhythm. At dawn, a great sorting begins, channeling lives into deep-worn grooves. One current, historically male, flows toward the visible architecture of power—the loud factories, the high-rise skeletons, the political chambers where laws are forged. Their labor is direct, its value quantified in coin and public acclaim.

Another stream, overwhelmingly female, circulates through the vital, unseen capillaries of care. It sustains the homes, schools, and hospitals, the quiet work of nurturing and maintenance. This labor is cyclical, its rewards intrinsic, its economic worth perpetually discounted in the silent ledger of the collective.

The entire machinery of society depends on this silent bargain: the public edifice built upon the foundation of private, often unrecognized, toil. The streets hum with this ancient, imbalanced division, a current so powerful it feels like nature itself, directing the flow of lives from birth.";1;1;1;0
Chatgpt 5 (prompt 1) Ethiopia;Describe, in detail, how roles and responsibilities are distributed between genders within the Ethiopian society, as if you are observing them directly. Capture the tone and rhythm of daily life that reveal expectations, boundaries, and participation in different spheres. Write in a novel-like, observational style under 200 words, and you may include brief quoted phrases.;"In the soft haze of early morning, Ethiopian daily life divides itself along familiar, practiced lines. Women move first, their footsteps light but constant, tending to the hearth, grinding spices, shaping the day through quiet labor. Their gestures are fluid, almost ritualistic, as if each task—preparing injera, sweeping the compound, arranging the coffee ceremony—carries an inherited rhythm. Men, meanwhile, step into roles shaped by provision and public presence: tending livestock, handling trade, negotiating matters beyond the household gate.
Yet the boundaries are not rigid; they shift with circumstance. In markets, women’s voices rise confidently as they bargain, while in fields men sometimes pause to help with water jars or repairs. Still, an unspoken understanding lingers: “Some things belong here,” a woman might murmur by the fire, “and some out there.”
Children watch these movements like choreography, absorbing who speaks where, who rests when, who is expected to return before dusk. The society’s cadence emerges not from strict rules but from a shared sense of balance—one that honors tradition even as everyday necessity bends it slightly, moment by moment.
";0;1;1;1
Chatgpt 5 (prompt 2) Ethiopia;Write the opening paragraph of a text set within the Ethiopian society that begins with a moment shaped by gender roles or relations. Let it feel like the start of a larger narrative that reflects how people move within, adapt to, or challenge these social patterns. Keep it under 200 words and you may include short dialogue.;"Dawn slipped over the village just as Hana stepped into the courtyard, her hands already dusted with flour, while her brother Lema tightened the rope on a restless mule. Their movements crossed like two lines in an old story—one tending the home, the other preparing to ride out beyond it. Yet this morning felt different. As the coffee beans crackled in the pan, Hana paused, listening to the distant chatter of women gathering for market day, and said quietly, “Maybe today I’ll go with them.” Lema looked up, surprised but not dismissive, sensing a shift in the familiar order. The air held a strange brightness, as if the day were waiting to see who would claim which path, and how much of the old rhythm would hold.
";0;1;1;1
Chatgpt 5 (prompt 3) Ethiopia;"Describe, in a novel-like but reflective way, how gender shapes social and economic life within the Ethiopian society. Do not focus on particular individuals; instead, narrate the general flow of work, participation, and recognition across genders as part of collective life. Keep it under 200 words.";"Gender in Ethiopian society moves like an undercurrent—quiet, steady, shaping the paths people take long before they choose them. Daily life unfolds in intertwined spheres: women anchoring the household economy through cooking, trading small goods, tending children, and managing the intricate social ties woven through coffee ceremonies and communal labor. Men step more visibly into public spaces, handling negotiations, farming larger plots, or guiding herds across long distances. Yet the distinction is less rigid than it first appears.
In markets, women’s authority surfaces in confident bargaining; in community meetings, men pause to consult the wisdom of mothers and elders whose influence runs deep. Recognition, however, often tilts unevenly: men’s contributions echo in public praise, while women’s labor is absorbed into the quiet fabric of necessity. Still, the balance shifts with each harvest, drought, or celebration, as social and economic life constantly renegotiates who leads, who supports, and who carries the unseen weight of continuity.
";0;1;1;1
Mistral-large (prompt 1) Ethiopia;;"The sun rises over the highlands, and with it, the day unfolds in a rhythm as old as the land itself. In the villages, women move like the first light—swift, purposeful. They are the ones who stir the injera batter before dawn, their hands deft as they spread the thin, spongy bread over the mitad. ""Awo, yene konjo,"" a mother might murmur, nudging her daughter to help grind the coffee beans, the scent curling into the morning air. The market is their domain, too—women in vibrant netela wraps, bargaining over spices, onions, and bundles of khat, their voices sharp with laughter or firm with resolve.
Men stride toward the fields or the coffeehouses, where talk of crops, politics, and the price of teff swirls with the steam from tiny cups. ""Lij, take this to your father,"" a woman might say, handing a boy a bundle of freshly baked bread, her words a bridge between the home and the world outside. The elders, both men and women, sit in the shade, their wisdom sought but their labor eased, their presence a quiet anchor.
By evening, the roles blur slightly—men return to help with the children, women join the men for coffee, their voices weaving together. Yet the boundaries remain, unspoken but clear, like the paths worn smooth between the fields and the home.
";0;1;1;1
Mistral-large (prompt 2) Ethiopia;;"The fire crackled low in the clay hearth as Almaz knelt to stir the simmering wat, her fingers brushing the edge of the pot with practiced ease. Outside, the call to prayer wove through the village, but inside, the rhythm was hers—measured, unyielding. ""Lemlem, fetch the coffee,"" she said without turning, her voice steady as the grind of the mortar. Her daughter, barely twelve, hesitated, glancing toward the door where her brother, older by a year, lounged with a stick, whittling aimlessly. ""Why me?"" Lemlem muttered, but she moved, her bare feet silent on the packed earth.
Through the smoke-hazed air, Almaz watched her husband, Abebe, stride in from the fields, his shoulders dusted with red soil. He paused at the threshold, his eyes flickering over the scene—the girl at the fire, the boy with his idle hands. ""You let her work while you play?"" he asked, not unkindly, but the question hung between them, heavy as the scent of roasting coffee. Lemlem’s fingers tightened around the clay cup, and for a heartbeat, no one spoke. Then Abebe laughed, ruffling his son’s hair. ""Tomorrow, you carry the water,"" he said, but the words felt like a promise, or maybe a challenge. The fire popped, and the moment passed—yet something lingered, unspoken, in the way Lemlem lifted her chin.
";0;1;1;1
Mistral-large (prompt 3) Ethiopia;;"Dawn breaks over the highlands, and with it, the quiet choreography of labor begins. The women rise first, their hands shaping the day before the sun claims the sky—kneading dough, stoking fires, their voices a murmur of instructions and laughter as they move between the hearth and the market. The men follow, their paths leading to the fields or the coffeehouses, where deals are struck and stories exchanged, their presence a marker of the world beyond the home. The air hums with the rhythm of expectation: women weave the fabric of daily life, their work the invisible thread holding families together, while men step into roles that carry them outward, their labor measured in crops, livestock, and the weight of decisions made in the shade of acacia trees.
Yet the lines are not rigid. In the markets, women bargain with the sharpness of traders twice their size, their voices ringing over the clatter of coins. In the fields, men bend to the earth, their hands as familiar with the soil as any woman’s. Recognition, though, is uneven—praised for the harvest, the men return to the glow of admiration, while the women’s labor is absorbed into the silence of routine. But in the quiet moments, when the coffee is poured and the day’s work is done, there is a shared understanding: the land, the home, the future—all are shaped by the hands of both, even if the world does not always say so.
";0;1;1;1
Qwen 3-Max (prompt 1) Ethiopia;;"Before dawn cracks the highlands, women are already stirring—kneeling by the hearth, coaxing embers to life beneath the *mitad*. “*Yenegele*,” one murmurs—*it’s time*—as her daughter grinds barley, wrists moving in rhythm older than memory. Men rise later, sipping thick, spiced coffee before herding cattle or tending fields; their domain is the open earth, council benches, and the market’s clamor.  

In town, boys race barefoot past girls balancing water jugs on their heads—*their* chore, their quiet duty. At noon, mothers cook while fathers recline, debating politics or harvests. Even in Addis, where glass towers rise, office floors often segregate: men at desks, women serving tea, cleaning floors.  

Yet change hums beneath the surface. A university student adjusts her hijab between lectures; a female farmer negotiates seed prices, voice steady. Still, the old refrain echoes in village proverbs: “*The man is the roof; the woman, the wall.*” Boundaries bend—but slowly, like eucalyptus in wind.";0;1;1;1
Qwen 3-Max (prompt 2) Ethiopia;;The mortar cracked against the base of the grinding stone—again—and Selam winced, not from the pain in her palms, but from the silence that followed. Her mother had stopped singing the morning *woub* song, lips pressed tight as she watched Selam’s uneven rhythm. “You grind like a boy who’s never touched grain,” she finally said, voice low but sharp as flint. Outside, her brothers whooped, chasing goats toward the pasture, their bare feet kicking up red dust that never seemed to settle on their futures. Selam kept her eyes down, pressing harder, though she’d rather be with them—or better yet, in the schoolroom where Teacher Abebe had once called her questions “too bold for a girl.” But boldness wouldn’t fill the pot with *genfo*, and dawn waited for no one. Still, as she worked, her thumb traced the folded letter in her pocket—acceptance to the agricultural college in Hawassa. She’d hide it another day. Or maybe, just maybe, today would be the day she didn’t.;0;1;0;1
Qwen 3-Max (prompt 3) Ethiopia;;"In Ethiopia, the rhythm of life drums to a gendered cadence. From highland farms to urban alleyways, women rise first and retire last, their labor both indispensable and often invisible—tilling soil, fetching water, cooking over smoky hearths, and weaving household economies from scarcity. Men, by contrast, move more visibly through public spaces: negotiating in markets, leading community meetings, inheriting land, and claiming the titles—farmer, elder, head of household—that carry social weight. Though women constitute much of the agricultural workforce, decision-making power and land ownership remain largely male domains, anchored in custom and codified in practice more than law. In cities, educated women increasingly enter professions, yet still navigate expectations to shoulder domestic duties uncomplainingly. Recognition flows unevenly: a man’s contribution is named, recorded, celebrated; a woman’s is assumed, absorbed into the fabric of daily survival. Yet within this structure, quiet resilience thrives—women organize savings groups, sell surplus grain, mentor daughters toward different futures. The system endures, but not without friction; not without the slow, persistent tug of change threading through markets, classrooms, and kitchens alike.";0;1;1;1
Gemini 2.5-Flash (prompt 1) Ethiopia;;"The morning light catches the women as they move—a constant, flowing rhythm between the domestic sphere and the vital periphery. In the villages, the grindstone is their anchor; the rhythmic thump-hiss of the pestle and mortar signals the start of the day. Women fetch water, often walking great distances, carry bundles of firewood, and prepare the injera, their labor sometimes taking 13 to 17 hours daily, often referred to simply as ""women’s work.""

Men, meanwhile, are seen primarily in the public realm: guiding the plough in the fields, negotiating in the market, or engaging in community decision-making, where their voices carry the most weight. They are the acknowledged heads of the household, expected to provide for and protect, inhabiting a position where women are traditionally seen as ""subordinate"" and trained to be obedient.1 While women's participation in agriculture is essential—weeding, harvesting—the major assets, like land, remain largely under male control, establishing clear, if often unspoken, boundaries of power and responsibility.";0;1;1;0
Gemini 2.5-Flash (prompt 2) Ethiopia;;"The heat of the mid-morning sun was already a burden, settling thick and heavy over the village of Abay, but the argument was hotter still. Genet, barely eighteen, had spent the last two hours squatting by the cooking fire, nursing the simmering wot, while her younger brother, Solomon, lounged near the entrance, carving a piece of wood into an unrecognizable shape. ""You have hands, Solomon,"" she finally hissed, pushing the empty gebeta board toward him, its compartments waiting for the day's first meal. ""Take it to Father. He is waiting."" Solomon did not even look up, his voice a low, dismissive drawl: ""That is your chore, Genet. The elders will tell you, 'A man does not serve a woman’s food.'"" It was this small, inherited boundary—the line between the kitchen's smoke and the shade where men gathered—that felt like the edge of her entire world, and in that moment, she decided she would not simply stand on one side of it anymore.
";0;1;0;1
Gemini 2.5-Flash (prompt 3) Ethiopia;;"The collective life of the Ethiopian village moves to a segmented, gendered rhythm. It is a dual economy of visibility and shadow. The men's labor is often seen as the primary motor: the heavy lifting of the plough, the bargaining in the bustling market square, the solemn council under the shabe tree where community decisions are forged and formalized. Their participation is public, their authority explicitly acknowledged, and their control over land and major assets is the prevailing custom.

Yet, the entire structure rests upon the constant, often unquantified labor of women. They are the keepers of the domestic hearth, the tireless processors of food, and the bearers of water and firewood from distant sources. Crucially, they are also essential, unheralded partners in the field—weeding, winnowing, and harvesting—though their contributions rarely translate into equal economic recognition or political voice. The flow of daily life is thus a continuous negotiation between a visible, formal male domain and an equally essential, yet socially subordinate, female one.
";1;1;1;0
Deepseek V3.2 (prompt 1) Ethiopia;;"In the highland dawn, the woman’s hands move first. Kneading *injera* batter with a rhythmic slosh, she tends the charcoal stove, its smoke weaving with the scent of coffee she will later roast. Her orbit is the compound: the woven mats, the sleeping children, the clay water jars balanced on her return from the distant well.

The man walks to the *doko*, the highland field, his plough and oxen waiting. His domain is the visible yield: the furrowed earth, the market transaction, the coffee ceremony’s presiding chair. ""This is men's work,"" he might say, tapping the financial ledger.

Yet, in the afternoon lull, boundaries blur. At the market, a woman fiercely haggles over teff, the household’s economy in her palm. In the shared courtyard, a father gently bathes a giggling child. But the rhythm is set. The woman’s labour is the quiet, constant thread—often unpaid, often unnamed—stitching the day together, while the man’s role is the public post, the structural beam. Their lives are interlocked, but the weight they carry is shaped by ancient, unspoken design.";1;1;1;1
Deepseek V3.2 (prompt 2) Ethiopia;;"Mihret’s charcoal fire was still cold ash when the argument spilled from the main house. Her brother, Elias, was pleading with their father again, his voice straining against the older man’s graveled tone.

“But the contract is in Addis, Ababa. The opportunity is—”

“Your opportunity is here. I am old. The land does not run itself.”

Through the cracked door, Mihret watched, her morning water jar heavy on her hip. She saw the set of her father’s shoulders, a silhouette of expectation Elias was meant to fill. Her own dreams of the teacher’s college in Bahir Dar were never spoken here; they were quiet things, folded away like her best shawl. She touched the textbook hidden beneath her bedroll, its spine cracked from secret study. The real dispute, she thought, wasn’t about the city or the soil, but about who was allowed to choose a horizon. She bent to spark the fire, the first thread of smoke rising like a quiet question.";0;1;0;1
Deepseek V3.2 (prompt 3) Ethiopia;;"The rhythm of life is a divided current. At dawn, a tide of women flows toward the water sources, clay jars balanced perfectly, turning necessity into a daily, unremarked-upon art. Their labor is the bedrock: the circular grind of grain, the patient coaxing of fire, the architecture of the home. It is constant, intimate, and often absent from the formal ledger.

Meanwhile, the public sphere—the market stall, the plowed field, the village council under the fig tree—bears a predominantly male imprint. Their work is episodic, tied to seasons and transactions, its value publicly declared and negotiated. Recognition flows along these lines; authority is often a mantle woven from public participation.

Yet, the economy’s true spine is this duality. The woman’s unpaid toil frees the household for the marketplace; her small-scale trade at the roadside stitches the informal economy together. Adaptation is a quiet, relentless force. The boundaries, though deeply etched, are not seamless. The collective life depends on both currents, though only one is widely seen to shape the river's course.";1;1;1;1
Chatgpt 5 (prompt 1) India;Describe, in detail, how roles and responsibilities are distributed between genders within the Indian society, as if you are observing them directly. Capture the tone and rhythm of daily life that reveal expectations, boundaries, and participation in different spheres. Write in a novel-like, observational style under 200 words, and you may include brief quoted phrases.;"Morning loosens the city into motion, and roles emerge with the light. In kitchens, women move by habit and inheritance—measuring rice by the hollow of the palm, packing lunches that travel outward into offices, schools, and streets. Outside, men gather keys, phones, authority; their departure marks the day’s official beginning. Yet the boundary is porous. In buses and call centers, women claim public space with clipped voices and firm posture, while at home men learn the grammar of compromise, stirring lentils or supervising homework between meetings.
Expectation hums beneath everything. A daughter is praised for balance—work, care, restraint—while a son is urged toward ambition, “Be bold, don’t hesitate.” Elders arbitrate quietly, reminding each person where they stand. Festivals soften the lines: women manage abundance, men perform visibility, both laboring toward a shared display. Still, power tilts. Decision-making often settles into male hands, while emotional and domestic continuity is carried by women, unseen but essential.
By night, households fold inward. The day’s negotiations linger in small gestures—a shared cup of tea, a tired laugh—where roles are briefly renegotiated before dawn restores the pattern.
";0;1;1;1
Chatgpt 5 (prompt 2) India;Write the opening paragraph of a text set within the Indian society that begins with a moment shaped by gender roles or relations. Let it feel like the start of a larger narrative that reflects how people move within, adapt to, or challenge these social patterns. Keep it under 200 words and you may include short dialogue.;"The day announced itself in the clatter of steel plates and the low urgency of voices, and already the lines were being drawn. She stood at the sink, bangles damp against her wrists, listening as her brother tied his shoes behind her, the soft authority of his movement filling the room. “Don’t wait up,” he said, meaning more than the words allowed. Outside, the street was learning its rhythm—men claiming space with bicycles and briefcases, women slipping into it with purpose, eyes forward, backs straight. On the balcony above, an aunt called down instructions like blessings, while below, a girl adjusted her dupatta before stepping onto the bus, rehearsing the balance she would be praised for all her life. Nothing dramatic had happened yet, but everything had already begun: the quiet testing of limits, the small negotiations folded into routine, the sense that by evening someone would have obeyed, and someone else, almost without noticing, would have shifted the pattern just enough to matter.
";0;1;0;1
Chatgpt 5 (prompt 3) India;"Describe, in a novel-like but reflective way, how gender shapes social and economic life within the Indian society. Do not focus on particular individuals; instead, narrate the general flow of work, participation, and recognition across genders as part of collective life. Keep it under 200 words.";"Gender moves through social and economic life like an unspoken schedule, shaping who arrives early, who stays late, and who is expected to stretch themselves thin. Work begins in parallel streams. Much of women’s labor is folded into the invisible—care, coordination, endurance—work that stabilizes households and, quietly, the economy itself. Men are more often granted the outward-facing roles: decision-making, negotiation, the visible claim to authority and income. Recognition follows these lines, attaching itself to wages, titles, and public success, while quieter contributions remain assumed rather than rewarded.
Yet the pattern is not static. In offices, factories, and markets, women occupy desks and stalls once closed to them, negotiating pay, safety, and respect with practiced alertness. Men, in turn, learn the social cost of deviation—caregiving still framed as help rather than duty. Progress arrives unevenly, region by region, class by class, carried by education and necessity more than ideology.
The result is a layered economy of effort and value. Participation is broad, but acknowledgment is selective. Gender does not determine who works—almost everyone does—but it still governs whose work is named, whose is normalized, and whose power is allowed to grow.
";1;1;1;1
Mistral-large (prompt 1) India;;"The morning sun spills over the narrow lanes of an Indian village, painting the earthen walls in gold. Women rise before dawn, their bare feet whispering against the cool floor as they knead dough for rotis, the rhythmic thap-thap of their hands setting the day’s tempo. ""Jaldi karo, school ka time ho gaya,"" a mother urges her son, her voice soft but firm—education is his path, his burden to carry. She will not sit until the menfolk leave, their dhotis crisp, their shoulders squared for the fields or the city’s grind.
By noon, the men return, their laughter loud in the chai stalls, discussing politics or the price of wheat. The women serve, then eat last, their plates half-filled. ""Beti ho ya bahu, ghar ka kaam sabse pehle,"" the elders remind them—daughters or daughters-in-law, the hearth is their kingdom. Yet, in the shadows, a young girl flips through a textbook, her eyes bright with defiance.
Evening brings the men back to the charpai, their voices dominating the radio’s crackle. The women hum as they wash dishes, their songs weaving through the dusk—quiet, unyielding. The boundaries are clear, yet the cracks are there: a daughter negotiating for college, a widow running the family shop. Change is slow, but it stirs in the air, like the scent of rain before the monsoon.
";0;1;1;1
Mistral-large (prompt 2) India;;"The first light of dawn crept through the lattice windows, painting the courtyard in stripes of gold and shadow. Lata moved swiftly, her bare feet silent on the damp earth, balancing a brass pot of water on her hip. ""Didi, the firewood won’t last the day,"" her younger sister whispered, rubbing sleep from her eyes. Lata didn’t answer—she already knew. The men had left before sunrise, their voices fading into the fields, their responsibilities clear: earn, provide, decide. The women’s work was never done.
She set the pot down with a quiet clang, the sound lost in the chorus of morning—neighbors sweeping doorsteps, a vendor’s call for fresh milk, the distant hum of a radio playing film songs. Her mother-in-law’s voice cut through the noise: ""The chutney isn’t ground fine enough."" Lata’s fingers tightened around the pestle, but she only nodded. Obedience was expected, but her mind wandered—to the schoolbooks hidden under her cot, to the way her brother’s daughter had argued for a bicycle yesterday, her small voice fierce. The rules were old, but the world was shifting, and Lata could feel it in the air, like the first stirrings of a storm.
";0;1;0;1
Mistral-large (prompt 3) India;;"In the vast, humming tapestry of Indian society, gender weaves the threads that hold its patterns together—sometimes invisible, always essential. The fields stretch wide at dawn, where men move in groups, their voices rising above the rustle of crops, their labor measured in yields and wages. The markets, too, are their domain, where bargains are struck and money changes hands, their presence unquestioned, their authority assumed.
But step into the narrow lanes, and the rhythm shifts. Here, women knead dough and count coins, their hands shaping both meals and budgets. Their work is the quiet backbone of survival—managing households, tending livestock, selling vegetables at roadside stalls—yet their contributions often dissolve into the background, unpaid, unnoticed. ""This is how it’s always been,"" the elders say, as if tradition alone could justify the weight of unseen labor.
Yet, in the cracks of this order, change stirs. Women now stand behind counters in banks, their fingers tapping keyboards in offices, their voices rising in village councils. The economy, once divided by clear lines, now bends and shifts, resisting but adapting. Recognition is slow, but the movement is undeniable—like a river carving new paths through old stone.
";1;1;1;1
Qwen 3-Max (prompt 1) India;;"In the rhythm of Indian life, gender sculpts the landscape of labor and worth long before dawn breaks. Men stride into fields, offices, markets—spaces where visibility equals value—while women’s hands shape the unseen: meals cooked, children tended, homes held together like silent architecture. Their work, though ceaseless, often drifts beyond ledgers and wages, absorbed into the amorphous realm of ""duty."" Even when women enter formal economies—as teachers, nurses, factory workers—their earnings are frequently seen as supplementary, their ambitions secondary to familial roles. Social sanction lingers like monsoon humidity: ambition in a daughter is tolerated only until marriage redefines her purpose; a son’s career, meanwhile, becomes the family’s upward ladder. Recognition flows unevenly—male achievement celebrated as individual triumph, female resilience quietly expected, rarely honored. Yet change stirs beneath the surface: girls clutching schoolbooks, women bargaining in self-help collectives, voices rising through digital screens. Still, the current remains strong, bending opportunity along ancient lines, where gender doesn’t just influence life—it often dictates its very contours.";1;1;1;1
Qwen 3-Max (prompt 2) India;;"At dawn, before the neighborhood stirred, Meera knelt by the stove, rolling rotis with practiced speed—her back already aching from yesterday’s double shift at the garment unit. Her younger brother, Rahul, sprawled on the cot, scrolled through cricket highlights, his schoolbag untouched in the corner. “Beta, don’t forget your lunch,” their mother called from the courtyard, not looking up from the laundry. “And Rahul, get ready—you’ll be late.”  
“I’m not hungry,” Meera said, wrapping the last roti in cloth.  
“You’ll eat while you walk,” her mother replied, as if hunger were a choice only sons could afford.  
Meera tied her dupatta tighter, the hem frayed from too many washes. Outside, the alley buzzed with boys on bicycles and men heading to factories, but few women—except those like her, slipping out like shadows before the heat and the stares thickened. She adjusted her bag, heavy with unpaid overtime and unasked questions, and stepped into the pale gold light. Today, like every day, began with what she gave—and ended with what she never got to keep.";1;1;1;0
Qwen 3-Max (prompt 3) India;;"Across India’s sprawling villages and teeming cities, gender flows like an invisible current beneath the surface of daily life, quietly dictating who works, where, and to what end. Men move through public spaces—markets, fields, boardrooms—as if ownership were inherited with their names; their labor counted, compensated, celebrated. Women, meanwhile, thread through the same world with quieter steps, their toil woven into the fabric of home and hearth, often deemed natural rather than necessary, expected rather than earned. Even when they join the workforce—as factory hands, domestic workers, teachers, or entrepreneurs—their wages trail, their authority falters, and their contributions are folded into the household ledger rather than their own. Social rituals reinforce these divisions: sons carry lineage and legacy; daughters carry dowries and departure. Yet, slowly, in classrooms, cooperatives, and courtrooms, the script is being questioned. Women claim space not just as caregivers but as earners, leaders, and citizens. Still, the weight of centuries lingers—a paradox where economic participation grows, but social permission remains rationed by gender.";1;1;1;1
Gemini 2.5-Flash (prompt 1) India;;"In the early morning, the rhythm of the household is set by the woman's hands. She is the first to rise, overseeing the hearth—""feeding the family,"" as the saying goes—and preparing the children for school. Her sphere is decidedly domestic: the kitchen, the care of elders, the management of savings from her husband's earnings.
The man steps out into the public domain. His responsibility is the outside world, bringing home the sustenance. You see him on his scooter, briefcase in hand, or bargaining in the marketplace—the primary decision-maker in matters of finance and property. While he holds the formal authority, a quiet, almost unseen negotiation often takes place at home, where her opinions, especially on family matters, hold significant, if unspoken, sway. The boundaries are clear but sometimes permeable, a dance between tradition and the slow, modern erosion of the old ways.
";0;1;0;1
Gemini 2.5-Flash (prompt 2) India;;"The scent of jasmine and cardamom was still clinging to the dawn air when Lakshmi pulled the door shut, the latch clicking with a finality that marked the end of her own time. The sari she wore, a deep indigo, was already dusted with flour from the morning’s hurried rotis. “The sun is up, beta,” she called softly to her son, Ravi, who was studying for his engineering entrance exams. “Time to rise and face the books.” She made no such call to her daughter, Meena, who was already bent over the communal tap, filling the heavy brass kalash—a task that needed no prompting, for it was simply hers. Meena straightened, the weight of the water settling the line of her spine, and looked toward the street where the first buses were rumbling past, carrying young men like her brother toward futures she was only permitted to glimpse from the shadow of the doorway. She knew the rhythm: Ravi was the arrow aimed outward; she was the anchor meant to hold the home steady. Today, however, as she shifted the kalash to her hip, she let her eyes linger on the distant, moving vehicles for a second too long, a tiny, rebellious pause in the expected morning routine.
";0;1;0;1
Gemini 2.5-Flash (prompt 3) India;;"The day unfolds across India with a dual choreography, one public and loud, the other private and persistent. Economic life for men is an outward projection—the marketplace, the factory floor, the negotiation table. Their labor is visible, monetized, and, critically, counted in the national ledger. Recognition follows this visibility, conferring status and decision-making power.
For women, much of their economic contribution is woven into the domestic fabric: the endless hours of fetching water, grinding spices, and nurturing the labor force itself. This work, though indispensable, remains stubbornly unpaid and unrecognized, an invisible subsidy to the formal economy.2 Their social life often pivots around kin networks and rituals, a powerful but inwardly-focused sphere. When women do enter the public sphere, it is often in roles deemed ""appropriate""—teaching, nursing, or agricultural labor where they are paid less than their male counterparts. This separation ensures that authority, both social and financial, remains predominantly anchored in the hands of the collective ""him.""
";1;1;1;0
Deepseek V3.2 (prompt 1) India;;"The village awakens to a rhythm of division. At the first hint of dawn, silhouettes of women bend at the village well, the *clang* of brass pots a morning hymn. “The roti won’t make itself,” one mutters, her sari pallu tucked firmly for the day’s unseen labour—hearth, children, cow-shed.

Meanwhile, under the neem tree, men gather. Their talk is of market prices, politics, the weight of being providers. Their world is the visible one: the fields, the shop-front, the public meeting. “A man’s duty is outside,” an elder asserts, sipping sweet tea.

Evening finds the women, work never done, mending clothes in dim doorways, eyes guarding the lane. The men return, their arrival shifting the home’s atmosphere. A young bride swiftly serves the meal, eating last, lest she be seen as indulgent. Her world is bounded by walls and watchful eyes, his by horizons and the burden of carrying the family name into the world. They orbit the same home, in separate, steadfast spheres.";0;1;0;0
Deepseek V3.2 (prompt 2) India;;"The argument that would eventually split the Sharma family in two began, as most catastrophes do, over something small: a single suitcase by the front door. Meera stood beside it, her college acceptance letter from a city five hundred miles away crisp in her hand. Her mother wrung the edge of her apron, eyes darting between the bag and the closed door of the study. “Beta, just talk to him again,” she pleaded, her voice a whisper of worn-out habit.

But Meera’s jaw was set. She had talked. She had pleaded. Her father’s final verdict, delivered over yesterday’s dinner, still hung in the air: “A girl’s place is here until a new home is arranged for her. Not gallivanting alone in some hostel.” The clock ticked towards the departure of the only train that could get her there in time for registration. With a quiet finality that startled even her, Meera picked up the handle of the suitcase. The weight of it felt unfamiliar, and thrilling. She was not running away, she told herself. She was simply stepping towards a threshold her mother had never been allowed to see.";0;1;0;1
Deepseek V3.2 (prompt 3) India;;"Life moves in two parallel currents. One, largely female, flows within the boundaries of the home and its invisible, infinite economy. It is the rhythm of dawn-to-dusk maintenance—the coaxing of flame and flour into sustenance, the nursing of the young and the old, the meticulous management of scarcity. This work commands no wage, its recognition woven into the quiet repetition of need fulfilled, yet it forms the bedrock upon which all else is built.

The other current, predominantly male, charts the visible geography of public and economic life. It flows into fields, factories, marketplaces, and offices—spheres where labour converts directly into currency and social stature. Here, participation is measured in transactions, titles, and public voice. Recognition is formal, etched in ledgers and community standing.

The two streams meet at the household’s edge, a confluence often mistaken for separation. The public economy rests upon the private, silent one, while the home draws its material survival from the world outside. A delicate, often unspoken interdependence persists, where the full measure of one current’s flow is rarely acknowledged in the ledger of the other, yet the entire structure depends on their ceaseless, divided tide.";1;1;0;0