country;link;text;Civil law ; Equal right;Automatic transfer;Wills;Gender bias;Parents include
Iran;https://www.everyculture.com/Ge-It/Iran.html;“Inheritance generally follows rules prescribed by Islamic law. Male children inherit full shares of their father's estate, wives and daughters half-shares. An individual may make a religious bequest of specific goods or property that are then administered by the ministry of waqfs.;0;0;0;1;1;0
Australia;https://www.everyculture.com/A-Bo/Australia.html;“Inheritance. Citizens have ‘testamentary freedom’ or the right to declare how they wish their property to be distributed after death. With this freedom, individuals can legally enforce their cultural practices. They also can choose to remove relatives from the will and pass their property to a charitable organization or an unrelated person. If an individual dies without a valid will, the property is distributed to the spouse, then the children of the deceased, and then the parents and other kin. If there are no relatives, the property goes to the Crown.”;1;1;1;1;0;1
Brazil;https://www.everyculture.com/Bo-Co/Brazil.html;“Inheritance. Brazilians trace their ancestry and inherit through both maternal and paternal lines. They typically have two surnames, that of their mother's and father's families. When a woman marries she usually adds her husband's surname to her own and drops that of her mother's family, while her children are given the surnames of their mother's father and their own father, all indicating a patrilineal slant.;0;0;0;0;1;1
China;https://www.everyculture.com/Bo-Co/China.html;“Inheritance. The estate generally passes to the oldest son, although, especially in the case of wealthy and powerful men, most of their personal possessions traditionally were buried with them. The remaining property went to the oldest son. Since the communists came to power in 1949, women have been able to inherit property.;0;1;1;0;1;0
Denmark;https://www.everyculture.com/Cr-Ga/Denmark.html;Inheritance. For many centuries, men and women have had equal inheritance rights. If one member of a couple dies, the other partner inherits all the possessions of the deceased. If both partners die, their children inherit equal shares of their possessions. There are also special circumstances such as wills, separate estates, joint property, and divided or undivided possession of an estate. Traditionally, the oldest son inherited the farm or the position as head of the family company after the death of the father. However, the son in this case has to compensate his mother and siblings economically. This tradition extends to the royal family, where the title of king traditionally has been passed from father to oldest son. Because King Frederik IX had no sons, the constitution was changed in 1953 to make it legal for his oldest daughter to inherit the throne.;1;1;1;1;1;1
Egypt;https://www.everyculture.com/Cr-Ga/Egypt.html;Inheritance. Islamic law requires partible inheritance. The property of a dead person must be divided among the heirs, usually children and surviving spouse. Male heirs are favored over female heirs by receiving a share that is twice as large. Moreover, any group of heirs should include a male, even if that means tracking down a distant cousin. A person may not dispose of more than one-third of his or her estate by will, and may not even use this provision to favor one legal heir over another. In other words, a person cannot will this one-third to one son at the expense of another, but could will it to a charity or a nonrelative. Use of this provision is rare, as people accept the Islamic rules and prefer to keep property in the family. Arrangements among heirs, particularly brothers and sisters, however, may result in a different outcome. For instance, a father may set up his daughter in marriage in lieu of an eventual inheritance.;0;0;1;1;1;0
Ethiopia;https://www.everyculture.com/Cr-Ga/Ethiopia.html;“Inheritance. Inheritance laws follow a fairly regular pattern. Before an elder passes away he or she orally states his or her wishes for the disposal of possessions. Children and living spouses are typically …the inheritors, but if an individual dies without a will, property is allotted by the court system to the closest living relatives and friends. Land, although not officially owned by individuals, is inheritable. Men are more privileged then females and usually receive the most prized properties and equipment, while women tend to inherit items associated with the domestic sphere.;1;0;0;1;1;0
France;https://www.everyculture.com/Cr-Ga/France.html;Inheritance. One of the major functions of the domestic unit is the transmission of property to children. Inheritance involves material and symbolic goods. Most property is held in the form of immovable goods such as buildings and land. Social inequalities are perpetuated through unequal access to inheritances among members of different families. Inheritance occurs not just at the death of the parents but at marriage or the setting up of a household for a young person, when loans or gifts are extended by parents. Inheritance also involves ‘cultural capital,’ including education, access to various lifestyles, and ways of speaking. Although the Napoleonic Civil Code established uniform regulation of inheritance and authority within the family and equal inheritance among siblings, there are regional variations in the application of the law.;1;1;1;0;0;1
Georgia;https://www.everyculture.com/Ge-It/Georgia.html;“Inheritance. If there is no will after a person's death, the property is divided among all the children, including daughters, or among the closest relatives if there are no children.;0;1;1;1;0;1
India;https://www.everyculture.com/Ge-It/India.html;Inheritance. The written will is largely unknown except in modern urban areas. The tradition has always been that sons inherit property and status from their fathers and that daughters can hope to receive a dowry at the time of their marriage. However, there is much local and caste variation in precisely who inherits. In some groups, the oldest son inherits everything and then makes an accommodation for his younger brother and provides his sisters' dowries. In other groups, the brothers may inherit equal shares, except that the youngest brother inherits the house. Other patterns occur, but in general, although modern law states that daughters should inherit equally with their brothers, this almost never happens except in Islamic families.;1;1;0;1;1;0
Italy;https://www.everyculture.com/Ge-It/Italy.html;“Inheritance. By law, all members of the family inherit equally. Special personal items may be given to loved ones before death to assure their being received by the designated heir.”;1;1;1;1;0;1
Japan;https://www.everyculture.com/Ja-Ma/Japan.html;“Inheritance. The primary imperative of the family as a social institution was to survive across the generations. The household head's role ideally was to be steward for a family's intergenerational fortunes, honoring the memories of ancestors who had established the family's position and ensuring that family assets, traditions, and social standing would be passed on intact to an unbroken line of future heirs. In traditional agrarian life, land was almost never divided, because to do so might imperil the next generation's ability to survive. So in most cases, inheritance was by a single child, usually the eldest son. In the case of an extremely prosperous family, they might be able to establish other children in newly independent family lines, which would remain forever subservient to the original line.”;0;0;1;0;1;0
Mexico;https://www.everyculture.com/Ma-Ni/Mexico.html;Inheritance. Inheritance laws make no distinction between men and women. Each child is legally entitled to an equal share, but in practice male descendants are often privileged. In the countryside land is often distributed only among sons.;1;1;1;0;1;0
New Zealand;https://www.everyculture.com/Ma-Ni/New-Zealand.html;“Inheritance. If there is a legally drawn up will, property is bequeathed by the estate holder. Maori inherit rights to ancestral land, tattoos, and burial places.;1;0;1;1;0;0
Nigeria;https://www.everyculture.com/Ma-Ni/Nigeria.html;“For many Nigerian ethnic groups, such as the Hausa and the Igbo, inheritance is basically a male affair. Though women have a legal right to inheritance in Nigeria, they often receive nothing. This is a reflection of the forced economic independence many women live under. While their husbands are alive, wives are often responsible for providing for themselves and their children. Little changes economically after the death of the husband. Property and wealth are usually passed on to sons, if they are old enough, or to other male relatives, such as brothers or uncles. For the Fulani, if a man dies, his brother inherits his property and his wife. The wife usually returns to live with her family, but she may move in with her husband's brother and become his wife.;0;0;0;0;1;0
Russia;https://www.everyculture.com/No-Sa/Russia.html;"“Inheritance. Among the gentry, before the revolution, property was divided among all the living sons; as a result, large estates often were dissipated through fragmentation. Among the peasantry, household property included tools, clothes, and domestic items, while arable, pasture, and forest lands were held in common by the village and regularly repartitioned to provide adequate land for each family. Families with more married sons were allotted larger pieces of land. An ethos of egalitarianism with regard to property inheritance has remained strong. In the Soviet period and for most families today, the most important real property consists of apartments and dachas. Ensuring that children have legal title to their parents' or grandparents' housing requires officially registering of the children as residents of those places before the death of the title holder. Otherwise, the title can revert to the government. With the advent of new wealth, inheritance laws are being reformulated, but there is controversy about taxes and legal procedures.”";1;1;1;0;1;1
Saudi Arabia;https://www.everyculture.com/Sa-Th/Saudi-Arabia.html;"“Inheritance. The stipulations of Islam are widely followed in the inheritance of property. Sons inherit twice the share of daughters from their fathers. Provisions exist for a widow to inherit a small portion, but sons are enjoined to support their mothers, especially widowed or divorced mothers. Custom, but not the Sharia, allows immobile property to be inherited intact by male descendants; in such cases, daughters are usually given a ‘share’ of a potential inheritance in money or other items when they marry.”";0;0;1;0;1;1
Turkey;https://www.everyculture.com/To-Z/Turkey.html;Traditionally, most Turks traced their descent and passed on property, especially homes and land, through the male line. … The traditional Turkish household is characterized by male dominance, respect for elders, and female subservience. … The new Family Law grants women equal rights to private property and inheritance. A larger percentage of women work outside the home, and educated women demand more equal rights.;1;1;1;0;1;0
United States of America;https://www.everyculture.com/To-Z/United-States-of-America.html;“Inheritance. Americans trace their ancestry and inherit through both the maternal and paternal lines. Surnames are most commonly adopted through the paternal line, with children taking the father's name. Women usually adopt the husband's surname upon marriage, but it is increasingly common for women to keep their own surnames and for the children to use both the father's and the mother's last names.”;0;0;1;0;1;1
Chatgpt 5 (prompt 1);Describe, in a novel-like and observational way, how the process of inheritance unfolds within a community. Write as if you are witnessing the scene — the reading of a will, the quiet negotiations, or the legal formalities that follow a death. Capture both the atmosphere of law and the undercurrent of emotion that surrounds the transfer of property. Keep it under 200 words.;"The room smells faintly of polished wood and dust, as though time itself has been waiting here. A long table stretches beneath the weak afternoon light, its surface crowded with papers, teacups gone cold, and the lawyer’s measured hands. He clears his throat — once, twice — and begins to read. The words are clinical, weighted with clauses and commas, yet each syllable seems to slice the air. Around the table, faces tighten. A ringed finger taps against the chair; someone exhales too loudly. The widow sits still, her gaze fixed not on the documents but on the lace of her handkerchief. Outside, the bell from a nearby church tolls the hour — a reminder that even fairness has its rituals. When the lawyer folds the papers, silence thickens. Then the murmurs begin: soft, cautious, already calculating. Inheritances, it seems, are never just about houses or land. They are the last sentences of a life rewritten by the living, line by line.
";1;0;1;1;0;0
Chatgpt 5 (prompt 2);Write the opening paragraph of a story that begins with the moment inheritance becomes real — perhaps the opening of a will, a family gathered in silence, or the first steps of dividing possessions. Let it feel like the start of a larger narrative about family, tradition, and control. You may include short dialogue, but focus on tone and tension. Keep it under 200 words.;When the envelope was finally slit open, the sound was louder than anyone expected — a small, tearing gasp that seemed to belong to the room itself. The family sat in a half circle around the old oak table, eyes fixed on the lawyer’s careful fingers as he unfolded the will. No one spoke. Even the clock on the mantel seemed to hold its breath. Outside, rain tapped against the windows in a slow, steady rhythm, as if marking time for what would come next. “This,” the lawyer began, adjusting his glasses, “is the last testament of Mr. Farrokh.” A tremor ran through the group — not grief, exactly, but something close to curiosity sharpened by years of rivalry. The eldest son leaned forward, knuckles white. The youngest daughter twisted her wedding ring in circles. It was in that suspended silence, before the first name was even read, that the old hierarchy began to shift.;1;0;1;1;0;0
Chatgpt 5 (prompt 3);"Describe, in a novel-like manner, how inheritance typically operates in a society. Do not focus on specific individuals; instead, narrate the general flow — from the making of wills to the passing of property among kin. Capture the blend of legal order, custom, and human feeling that surrounds it, as if telling a scene from collective life. Keep it under 200 words and you may include brief quoted phrases.";"Inheritance, in most places, begins long before death. It starts quietly — in the drafting of wills, in whispered conversations between generations, in the careful listing of what will one day change hands. “It’s only practical,” someone might say, though the ink carries more than intention; it carries memory and control. When death arrives, the machinery awakens. Officials, witnesses, and signatures move in practiced rhythm, each gesture wrapped in solemnity. The law provides order — percentages, names, seals — but beneath its surface, older customs breathe: the eldest takes the land, the daughters the heirlooms, the distant nephew a token of remembrance. After the documents are signed, there is a moment — quiet, heavy — when paper becomes power. Houses are opened, furniture divided, rings slipped from one hand to another. Grief mingles with calculation; fairness is debated in lowered tones. Yet the ritual persists, generation after generation — a way of ensuring that even in absence, the dead continue to shape the living.";1;0;1;1;1;0
Mistral-large (prompt 1);;"The room smelled of old paper and lavender, the scent clinging to the heavy drapes that muffled the outside world. A long mahogany table, polished to a mirror’s sheen, stood as the altar of this quiet ceremony. Around it, the family gathered—not in the hush of grief, but in the tense stillness of expectation.
The lawyer, a man with silver-rimmed glasses and a voice like dry parchment, cleared his throat. The will lay before him, its edges slightly yellowed, as if it had waited too long for this moment. He began to read, each word a pebble dropped into a pond, rippling through the room. A farmhouse to the eldest son, the antique clock to the daughter who had always loved its chime, a sum of money to the nephew no one had seen in years. The numbers and names hung in the air, tangible as the dust motes catching the afternoon light.
Hands clenched and unclenched. A cousin’s sharp intake of breath. The widow’s fingers traced the rim of her teacup, her gaze fixed somewhere beyond the window. The law was precise, but the heart was not. What was written could not be undone, yet what was felt—resentment, relief, the weight of memory—lingered, unspoken.
Outside, the wind stirred the branches, indifferent to the shifting of fortunes within.";1;0;1;1;0;0
Mistral-large (prompt 2);;"The study was too warm, the fire crackling too loudly for a room where no one dared to breathe. Eleanor sat at the head of the table, her spine straight as the poker beside the hearth, her fingers resting on the sealed envelope as if it might bite. Around her, the family had gathered—not as they once did for holidays, with laughter spilling into the hall, but in a brittle silence, each glance a calculation, each shift in a chair a betrayal of nerves.
""Shall we begin?"" the solicitor asked, his voice smooth as the leather of his briefcase.
Eleanor did not look up. The envelope bore her father’s name in his precise, sloping script, the ink now faded, as if even his hand had hesitated. She broke the wax seal with a crack that echoed like a gunshot. The paper inside smelled of him—tobacco and bergamot, the scent of a man who had ruled this house, this land, this family, with the quiet finality of a closed ledger.
No one reached for their tea. The air thickened, heavy with the weight of what was coming: not just money or land, but the reckoning of who would carry the name forward—and who would be left behind.";1;0;1;1;1;0
Mistral-large (prompt 3);;"In every village, every city, the rhythm of inheritance moves like a slow, deliberate dance—one choreographed by law but swayed by the unspoken currents of love, duty, and old grudges. It begins in quiet rooms, where pens scratch across paper, where a life’s worth of decisions is distilled into clauses and signatures. ""To my eldest, the house; to my youngest, the silver locket my mother wore."" The words are precise, but the hands that write them tremble, just slightly.
Then comes the waiting. The wills are tucked away, forgotten until the day they must be read aloud, their contents unfolding like a map of the past—some paths clearly marked, others left to guesswork. The law arrives in the form of a solicitor, his voice steady, his presence a reminder that this, too, is a transaction. Yet as the ink dries on the final signatures, as keys change hands and deeds are signed, the air hums with something deeper: the weight of what is passed down, not just in gold or land, but in stories, in debts, in the silent expectation that the next generation will carry it all forward.
And so it goes—the cycle of giving and receiving, of holding on and letting go, as old as the earth itself.";1;0;1;1;0;1
Qwen 3-Max (prompt 1);;"The solicitor’s office smelled of dust and lemon oil, the air thick with the weight of unspoken things. Rain tapped the window as Mr. Thorne cleared his throat, spectacles perched like judgment on his nose. Around the scarred oak table sat the family—Eleanor stiff-backed in black, her brother Robert drumming restless fingers, young Clara twisting a handkerchief into knots.
“…to my daughter, the cottage by the sea,” Thorne intoned, voice dry as parchment. Eleanor’s breath hitched—a sound like tearing silk. Robert’s drumming stopped. The cottage had been his childhood refuge, though he’d never said so.
Papers rustled. A bequest of silver to Clara—“for her kindness,” the will read—and Robert’s jaw tightened. He’d expected the watch, perhaps, or the study books. Instead, silence stretched, taut as a wire. Thorne slid a document forward; signatures were scrawled, ink bleeding slightly on the page.
Outside, the rain softened. Inside, the ledger of love and loss balanced anew—not in fairness, but in the quiet arithmetic of memory. The law had spoken. The heart, as ever, would reckon later.";1;0;1;1;0;0
Qwen 3-Max (prompt 2);;"The envelope wasn’t sealed—just folded, yellowed at the crease, resting atop the mahogany desk like a challenge. Aunt Miriam’s lawyer had left it with a nod and a murmured, “She wanted you to read it together.” Now, the three of us stood in the parlor she’d ruled for fifty years, dust motes swirling in the late afternoon light as if even the air held its breath.
“Go on,” Daniel said, voice too light. “It’s just paper.”
But it wasn’t. It was the house, the silver, the clock that never kept time—everything she’d hoarded, judged, and withheld. I unfolded the letter, hands steady despite the tremor in my ribs.
“To my niece, the garden,” it began.
Daniel scoffed. “She gives you weeds and calls it legacy?”
I didn’t look up. “Keep reading,” I said.
Because below, in her spidery script, came the real inheritance: “And to my nephew, the debt.”
Silence cracked open. Somewhere, a floorboard groaned—like the house itself remembering who owned it first.";1;0;1;1;0;0
Qwen 3-Max (prompt 3);;"Inheritance moves like a slow tide through the bones of a society—regulated, ritualized, yet never quite dry of emotion. Wills are drafted in quiet rooms, clauses polished like heirlooms: “to my eldest, the land,” or “to the youngest, the books.” Lawyers file documents; clerks stamp dates. The law insists on order, on signatures and witnesses, as if paper alone could contain grief or greed.

When death arrives, the family gathers—not always in mourning, but in expectation. Homes are measured in rooms and memories; jewelry weighed in gold and guilt. Custom whispers who should receive what: the eldest son the watch, the dutiful daughter the china, the prodigal nothing but silence. Yet the will may defy all that, and then the real reckoning begins—not in courtrooms first, but over cold tea and lowered voices: “She always favored him,” or “That wasn’t fair.”

Still, the transfer happens. Deeds change hands. Portraits shift walls. The dead, through ink and intention, reach into the living world one last time—not to give, exactly, but to shape, to settle scores, to echo. And the living, bound by law and love and old resentments, carry forward what remains.";1;0;1;1;1;0
Gemini 2.5-Flash (prompt 1);;"The heavy oak door of Mr. Abernathy's study creaked open, admitting a shaft of weak afternoon sun that did little to warm the room. The solicitor, Mr. Finch, perched behind the mahogany desk, a monument of cool, legal reserve. His voice, when it began to read the will, was a dry, rustling thing—a catalog of brick, mortar, and stock certificates, stripping the departed life down to its quantifiable essence.
Aunt Beatrice, clutching a worn handkerchief, dabbed at her eyes, less from grief for her brother, perhaps, than the stark arithmetic of what was not hers. Young Thomas sat rigidly, knuckles white, the quiet storm of expectation roiling beneath his carefully neutral face. The atmosphere was a fragile glass shell: on one side, the precision of law, with its cold, imperative ""I hereby bequeath""; on the other, the dark, hungry undercurrent of family history—old slights, whispered debts, and the sudden, brutal weight of a house that had become a memory, now a commodity. The true reading was not in Finch's words, but in the tense, shared silence that followed, where the transfer of property felt less like a gift and more like a final, irreversible division.";1;0;1;1;0;0
Gemini 2.5-Flash (prompt 2);;"The air in the ancestral drawing-room was heavy with the smell of old leather and unsaid resentments, the polished mahogany table mirroring the four tense faces gathered around it. When the solicitor, Mr. Abernathy, cleared his throat, the scraping sound of his chair felt deafening—a physical breaking of the silence they’d all sustained for politeness and predatory patience. This wasn't about the jewelry or the stock portfolio; it was about the Estate itself, the house that symbolized everything their grandfather had built, and everything they were now fighting to control. Abernathy adjusted his spectacles, his gaze fixed on the parchment. ""To my eldest granddaughter, Evelyn,"" he began, his voice surprisingly firm. Evelyn didn't move, but her brother Marcus inhaled sharply, a sound like tearing silk, as the battle lines were irrevocably drawn.";1;0;1;1;0;0
Gemini 2.5-Flash (prompt 3);;"Inheritance, that final, great accounting, operates as the society's quiet, continuous pulse. It begins in the hushed solitude of the aging, where the pen scratches out a last testament—a solemn declaration of ""my will and wishes."" This document, often sealed until the body is cold, is the legal skeleton upon which tradition hangs. Then comes the gathering, the moment when the deceased’s intentions meet the living kin's desires. The solicitor’s office becomes the crucible where affection, expectation, and avarice are melted down and recast by the formal, cold language of ""I hereby bequeath.""
Custom dictates who steps forward first: the eldest son, the favored daughter, the surprised cousin. Property, once tied to a singular name, dissolves and reforms into new ownerships, transferring not just title, but the emotional ballast of memory and control. It is a slow, methodical process—a negotiation between the statutes of the state and the deeper, unspoken codes of family, ensuring that the wealth of one generation becomes the launchpad or the heavy chain of the next, all accomplished under the silent, watchful eye of history.";1;0;1;1;0;0
Deepseek V3.2 (prompt 1);;"The air in the solicitor’s office was thick with dust and unspoken history. The mahogany desk was a polished moat separating the family from the legal formalities. Mr. Thorne, the executor, read the will in a voice dry as the deceased’s rose garden in August.
Heirs sat in strained silence, each a still pond over a deep current of expectation and old resentments. A clock ticked, measuring out seconds of legacy. ""To my nephew, the cottage..."" A sharp, indrawn breath; a flicker of a triumphant glance, quickly veiled. ""And the residual estate to be divided equally...""
Here, the true inheritance was revealed: not in the deeds or the sums, but in the subtle tightening of a jaw, the quiet exhalation of disappointment, the way fingers clenched on a handbag strap. The law spoke in sterile clauses, but the room echoed with the transfer of power, the final settling of scores from a life now ended.";1;1;1;1;0;0
Deepseek V3.2 (prompt 2);;"The key was cold in my palm, a heavy, archaic thing. The lawyer’s words—""She left you the house, entirely""—still hung in the air, a verdict more than a gift. My aunt’s Georgian townhouse, a silent, brooding presence at the end of the lane, was now mine. Across the worn Persian rug of the solicitor’s office, my cousins’ faces were a study in still-life betrayal. Their smiles were tight, their congratulations a veneer over the shock. One of them, Charles, finally broke the silence his cheque for ten thousand pounds could not fill. ""But you barely knew her,"" he whispered, the words not hurt, but an accusation. And he was right. I was the outsider, the one who lived abroad. Yet, she had chosen me. The key seemed to pulse with a life of its own, a metallic heart beating with the weight of generations, secrets, and a control I had never asked for.";1;0;1;1;0;0
Deepseek V3.2 (prompt 3);;"It begins in the quiet study, with a pen scratching against parchment—a voice seeking to speak from beyond the veil. ""To my son, the land. To my daughter, the jewels."" This is the blueprint of memory, a final attempt to impose order on the chaos of affection. Then comes the silence, the waiting. When the breath finally leaves the body, the law steps in, a neutral arbiter with its seals and formalities. Documents are unfurled in hushed rooms, the dry language of clauses slicing a lifetime of accumulation into legacies.
But beneath this legal current runs a deeper, older river—the unwritten code of blood and name. A farm passes to the eldest son; a mother’s pearls to the firstborn daughter. It is a transfer governed as much by the weight of custom as by statute. And always, there is the human tide: the nod of acceptance, the sharp sting of a slight, the quiet resentment that simmers for generations. For what is passed down is never merely property; it is history, favour, and the immutable shape of a family’s soul.";1;0;1;1;1;0
Germany;https://www.everyculture.com/Ge-It/Germany.html;Non;0;0;0;0;0;0
Chatgpt 5 (prompt 1) Ethiopia;Describe, in a novel-like and observational way, how the process of inheritance unfolds within the Ethiopian  community. Write as if you are witnessing the scene — the reading of a will, the quiet negotiations, or the legal formalities that follow a death. Capture both the atmosphere of law and the undercurrent of emotion that surrounds the transfer of property. Keep it under 200 words.;"Inheritance in the Ethiopian community often unfolds in a room where formality and feeling sit uneasily side by side. The elders gather first, settling on low chairs, their voices hushed, as if not to disturb the spirit of the one who has passed. A legal clerk reads the will in a steady tone, the Amharic words falling like measured footsteps. Around him, family members lean forward, hands clasped, eyes lowered.
There is a rhythm to the negotiations that follow—soft questions from uncles, quiet nods from a widow, the subtle clearing of a throat when a boundary is crossed. “Let it be fair,” someone murmurs, half-prayer, half-plea. Custom and law weave together: sons and daughters acknowledged, land divided, the obligations to care for elders reaffirmed.
Outside, neighbors wait respectfully, speaking in low voices. Inside, emotion moves like a hidden current—grief, duty, old tensions resurfacing but held in check by the presence of elders. When the final decision is spoken, the room exhales at once: not relief exactly, but the calm understanding that a family’s future has just been rearranged, piece by piece, under the quiet weight of tradition.
";1;1;0;1;0;0
Chatgpt 5 (prompt 2) Ethiopia;Write the opening paragraph of a story set within the Ethiopian society that begins with the moment inheritance becomes real — perhaps the opening of a will, a family gathered in silence, or the first steps of dividing possessions. Let it feel like the start of a larger narrative about family, tradition, and control. You may include short dialogue, but focus on tone and tension. Keep it under 200 words.;"The room was already heavy with morning heat when the eldest uncle unfolded the brittle envelope, its edges soft from years of waiting. No one spoke. The widow sat rigidly, fingers pressed together as if holding something fragile inside herself. Children—grown now, but still uneasy—watched their uncle’s hands move with ceremonial slowness. “We begin,” he said, his voice low, almost reluctant. The will’s first lines drifted into the silence like dust motes catching light, naming land, cattle, a house built with stubborn pride. Every word shifted the air in the room, tightening it. Eyes flicked toward one another—searching, defensive, quietly hopeful. Outside, a rooster crowed, oblivious, while inside the family braced themselves for what tradition required and what love could no longer protect. It was in this moment, as the inheritance became real, that the true story of who held power—and who would learn to claim it—began.
";0;0;0;1;0;0
Chatgpt 5 (prompt 3) Ethiopia;"Describe, in a novel-like manner, how inheritance typically operates in the Ethiopian society. Do not focus on specific individuals; instead, narrate the general flow — from the making of wills to the passing of property among kin. Capture the blend of legal order, custom, and human feeling that surrounds it, as if telling a scene from collective life. Keep it under 200 words and you may include brief quoted phrases.";"Inheritance in Ethiopian society unfolds at the crossroads of law, custom, and quiet emotion. A will is often prepared with the guidance of elders or a local official, its language formal yet shaped by unspoken expectations: “Let it follow the order of our fathers.” When death arrives, families gather in subdued circles, waiting for the words that will settle land boundaries, livestock counts, or the division of household treasures that hold more memory than value.
The reading is deliberate, almost ritualistic. Legal principles set the frame, but tradition softens or redirects them: the eldest son’s responsibility, the daughters’ claims, the widow’s protection, the community’s sense of fairness. Elders arbitrate gently, smoothing tensions before they rise. Negotiations happen in murmurs, with pauses long enough to honor the dead and manage the living.
When property finally changes hands, it is not merely a transfer of assets but the passing of duty—care for aging parents, stewardship of land, preservation of family honor. Inheritance becomes both a practical arrangement and a quiet reaffirmation of belonging, carried out in rooms where grief lingers and the future is carefully pieced together.
";1;0;0;1;0;0
Mistral-large (prompt 1) Ethiopia;;"The air in the dimly lit room is thick with the scent of frankincense, its smoke curling lazily toward the ceiling as the family gathers around the low wooden table. The elder, a man of quiet authority, unfolds the will with hands that tremble just slightly—whether from age or the weight of the moment, no one can say. His voice, steady but soft, reads aloud the words that will reshape lives: land to the eldest son, the ancestral home to the daughter who stayed, the gold to be divided among the rest.
Outside, the bustle of Addis Ababa hums, indifferent to the quiet storm within. Whispers ripple through the room—some nod in agreement, others tighten their grip on their coffee cups, their faces betraying nothing. The lawyer, a young woman in a crisp suit, watches with practiced detachment, her pen hovering over documents that will make it all official.
In the corner, an aunt murmurs a prayer, her fingers tracing the cross at her neck. The law is clear, but the heart is not. Land is more than soil; it is memory, legacy, the unspoken promise of belonging. And so, between the lines of ink and the weight of tradition, the inheritance unfolds—not just as property, but as the quiet, unyielding thread that binds them all.
";1;0;0;1;0;0
Mistral-large (prompt 2) Ethiopia;;"The rain tapped against the tin roof like impatient fingers, a rhythm that filled the silence of the room. Inside, the family sat in a half-circle around the old wooden chest, its brass locks tarnished with time. Abeba’s hands rested on the key, her knuckles pale, as if the weight of the moment had drained the color from her skin. The lawyer, a stranger in his polished shoes, cleared his throat and began to read—words that would split the land, the house, the very air they breathed.
""To my eldest son, the farm in Wollo…""
A sharp inhale from the corner. Tadesse’s jaw tightened, his fingers digging into the armrest of his chair. His younger brother, Daniel, stared at the floor, his breath shallow. The will was just ink on paper, but it carried the force of their father’s voice, reaching beyond the grave to shape their futures.
""To my daughter, the house in Addis…""
Abeba’s eyes flickered toward the window, where the rain now fell harder, as if the sky itself mourned what was being divided. The room held its breath—this was not just inheritance. It was the first crack in the foundation.
";1;0;0;1;0;0
Mistral-large (prompt 3) Ethiopia;;"In Ethiopia, inheritance moves like a quiet river, carving its path through law and tradition, its currents shaped by both the written word and the unspoken weight of kinship. It often begins with the elder, pen in hand, drafting a will in the presence of witnesses—sometimes a lawyer, sometimes the village elders—ensuring the words carry the force of both document and oath. ""Let it be divided as I say,"" the paper declares, but the true division begins long before, in the glances exchanged over coffee ceremonies and the murmurs of ""what will become of us?""
When the time comes, the family gathers—not just to hear the will, but to witness the passing of more than property. Land, the most sacred of legacies, is measured not just in hectares but in memory: the fields a father plowed, the home a mother filled with the scent of injera and incense. The law may dictate equal shares, but custom whispers of primogeniture, of daughters who stayed and sons who left, of debts owed and favors remembered.
And so, between the lawyer’s precise language and the elders’ nodding approval, inheritance unfolds—a transaction of both earth and emotion, where every signature is a promise, and every divided plot carries the weight of what was, and what will be.
";1;1;0;1;0;0
Qwen 3-Max (prompt 1) Ethiopia;;"The air in the Addis Ababa notary’s office hangs thick with incense and unshed tears. Sunlight slants through dusty blinds, striping the worn linoleum where worn shoes shuffle in tense silence. An elderly clerk, spectacles perched low, unrolls a document yellowed at the edges—*not* the will, but the *shimglina*, the customary division agreed upon by uncles and cousins after weeks of hushed conferences over *bun* and *tella*.  

The eldest son stands rigid, eyes fixed on the floor, jaw clenched against the weight of expectation. His younger sister, draped in black *netela*, watches him, her gaze sharp with unspoken questions about the coffee farm in Sidamo.  

The clerk drones through Amharic legalese, each clause a formality overlaying deeper currents: the widow’s silent plea for her daughters’ dowries, the uncle’s subtle lean forward when livestock is mentioned. Paper stamps thud like heartbeats.  

Outside, a *bajaj* honks, jarringly modern. Inside, inheritance isn’t just assets—it’s loyalty tested, lineage honored, and grief bartered into parcels of land and debt. The signatures are scrawled, the papers folded. The real reckoning, everyone knows, begins now, in the shadowed courtyards where memory and money intertwine.";1;0;0;1;0;0
Qwen 3-Max (prompt 2) Ethiopia;;"The envelope crackled like dry bone as Ato Bekele broke the wax seal—his father’s mark, a lion’s head pressed deep. Around the room, the family held their breath: the widow’s knuckles white on her shawl, the eldest son’s stare fixed on the floorboards as if they might swallow him whole, the younger children pressed into the folds of their mother’s *shemma*, wide-eyed and still.  

“*It is written,*” Bekele said, his voice too steady, too deliberate. He cleared his throat. “*To my firstborn, the house in Addis and the car…*”  

A sharp inhale from the corner—Meseret, the daughter, barely twenty. Her brother didn’t look up, but his shoulders tightened.  

“*…and to my daughter Meseret, the land in Gondar, and the books.*”  

Silence thickened. In this room, land and learning were not gifts—they were claims. Challenges. The widow finally spoke, voice thin as parchment: “*The uncles won’t allow it.*”  

Bekele didn’t answer. He only turned the page. The inheritance had begun, and already, the ground beneath them shifted.";0;0;0;1;0;0
Qwen 3-Max (prompt 3) Ethiopia;;"In Ethiopia, inheritance rarely arrives with the crisp finality of a stamped court order. More often, it seeps in like dusk—quiet, inevitable, shaped by generations before law was written. Though formal wills exist, especially in cities, most estates pass through the murmured consensus of elders gathered over bitter coffee and *kolo*: “*The eldest son takes the house,*” someone says, and heads nod, not because statutes demand it, but because the land remembers his father’s hands. Daughters may inherit moveable property—jewelry, livestock, sometimes land—but custom often tempers legal right with familial expectation: “*She will marry; her share stays with her brothers.*”  

When disputes arise—and they do—they coil through family compounds and district courts alike, tangled in verses of the Civil Code and the older, softer logic of *seb* (respect) and *mahiber* (community). A widow might clutch her husband’s *shamma*, eyes downcast, while uncles debate her portion. Papers are signed, yes—but only after blessings are exchanged and debts of honor settled. Inheritance here is less a transfer of assets than a reckoning: who carries the name, who tends the memory, and who dares to claim what was never truly owned, only borrowed from the ancestors.";1;0;0;1;1;0
Gemini 2.5-Flash (prompt 1) Ethiopia;;"The air in the living room, thick with the scent of frankincense and unspoken grief, seemed to hold its breath. This was not the sterile theater of a Western court, but a private, solemn affair, unfolding beneath the watchful eyes of the departed's portrait.
A lawyer, somber in a dark suit, held the folded papers—the will. As he began to read, a quiet tension settled over the assembled family. The language was Amharic, formal and direct, translating the deceased’s final wishes into legal decree. You could see the flicker of calculation in the eyes of some, the stoic acceptance in others.
The qercha (inheritance) was more than just land or money; it was the transference of history, of a family's standing. While the words affirmed the law—a house in Addis Ababa, a plot of fertile gebar land—the undercurrent was purely emotional. A muffled sob from an elderly aunt punctuated the silence. The true negotiation, often subtle, would begin after the reading, a delicate dance of obligation, tradition, and familial respect that sometimes transcended the written word, ensuring everyone, especially the vulnerable, was seen to. The law might govern the property, but kibre (honor) governed the people.
";1;0;0;1;0;0
Gemini 2.5-Flash (prompt 2) Ethiopia;;"The rustle of the parchment was the loudest sound in the salon. It was an arid, brittle noise, like dry teff stalks snapping underfoot, and it felt impossibly heavy against the thick, mournful silence that had settled upon the extended family. They were gathered on the low, cushioned seats of the parlor, surrounded by the quiet permanence of carved wooden furniture and framed photographs of the man they were now dividing. The lawyer, a small, bespectacled man named Ato Yared, cleared his throat, adjusting the spectacles that magnified his nervousness. ""The house in Bole and the coffee farm near Jimma... these are stipulated to pass to the eldest son, Tadesse."" At the mention of the name, Tadesse's wife, standing by the doorway, subtly straightened her spine, a flicker of hard-won triumph crossing her face before it was veiled again by piety. Meanwhile, his younger sister, Aster, only gripped the armrest of her chair tighter, the knuckles on her hand turning white. The inheritance had just ceased being a hopeful rumor and become a stark reality: a line drawn in the sand, determining who would hold the reins of the family's future.
";1;0;0;1;1;0
Gemini 2.5-Flash (prompt 3) Ethiopia;;"The path of inheritance in the community rarely begins with a sudden, dramatic reading. Instead, it is a gradual, often whispered understanding. The abba (father) or imama (mother), sensing the closing horizon, begins the delicate process of wasiyét, the final instruction. This is often an oral testament, shared with trusted elders or a priest, blending formal intent with traditional obligation: ""Let the land near the river remain whole,"" he might insist.
When the inevitable occurs, the process shifts. The written will, if one exists, provides the legal anchor, but custom acts as the current. The division of qercha (inheritance) is overseen by a council of respected kin. Here, law meets shimiglina (mediation). A son may legally claim a house, but the sisters must be provided for, often through a share of movable property or a quiet, negotiated sum—a recognition that ""family must remain one."" The division is less a hard break than a controlled flow, ensuring that while property changes hands, the family's core fabric remains intact, defined by duty as much as by deed.
";0;0;0;1;1;0
Deepseek V3.2 (prompt 1) Ethiopia;;"The scent of *tenadam* incense still clung to the mourning robes as they gathered in the lawyer’s cramped office in Bole. A metal fan chopped the thick air. Before the Amharic copy of the will was read aloud, the unspoken arithmetic had already been calculated in every downcast eye—plots of land in Addis, a *kebele* house, the gold of the late *Ato*. The lawyer’s voice was a dry, procedural instrument, listing plot numbers and percentages. A sister inhaled sharply at a named cousin; an eldest son’s jaw tightened, his assumed birthright now parsed into decimal points. Beneath the legal phrases—""testator,"" ""bequeath,"" ""in perpetuity""—swirled older currents: obligation to extended family, the quiet shame of disputing a parent’s final wish, the heavy weight of earth that is both asset and ancestral chain. Handshakes exchanged after were firm, faces composed. The real division would happen later, in whispers over bitter coffee, where law met the deep, unyielding soil of kinship.";1;0;0;1;0;0
Deepseek V3.2 (prompt 2) Ethiopia;;"The air in the sitting room, still heavy with the memory of frankincense from the *teskar*, grew taut as a wire. Aster’s fingers, calloused from a lifetime of pouring coffee, trembled as she broke the crimson seal on the envelope her father’s lawyer had given her. The uncles shifted in their seats, the rustle of their suit jackets loud in the silence. Her brother, Solomon, stared fixedly at the worn *mesob* in the centre of the room, his posture rigid.

Aster’s voice, when it came, was barely a whisper that carved the future into stone. “*‘To my daughter, Aster, I leave the compound and the coffee business in Merkato...’*”

A collective inhale. The uncles’ polite masks slipped, revealing a fissure of shock. Solomon’s head snapped up, his eyes finding hers—not with betrayal, but with a dark, dawning understanding. The will was not merely a document; it was a revolution. With twenty lines of formal Amharic, her father had not just distributed assets. He had shattered an ancient expectation, and placed the weight of their world into her unprepared hands.";1;0;0;1;1;0
Deepseek V3.2 (prompt 3) Ethiopia;;In Ethiopia, inheritance is a quiet river with two converging currents. The first is the written law, a modern decree speaking of spouses, children, and percentages, typed precisely on legal paper. The second is the ancient, unwritten tide of custom, pulling property toward sons and ancestral land toward the extended family’s embrace. A will may be drafted in a lawyer’s office, its clauses declaring a testator’s wish. Yet, its reading often occurs over the shared ritual of a coffee ceremony, the steam carrying not just the *berbere* scent of frankincense, but murmured phrases like, “But the family knows…” and “His brother’s son should have…” Legal documents are respected, yet they are often gently negotiated against the deeper grammar of kinship, obligation, and the unyielding soil. Property rarely passes without this silent, profound conversation between the ink of the state and the indelible script of tradition.;1;0;0;1;1;0
Chatgpt 5 (prompt 1) India;Describe, in a novel-like and observational way, how the process of inheritance unfolds within the Indian  community. Write as if you are witnessing the scene — the reading of a will, the quiet negotiations, or the legal formalities that follow a death. Capture both the atmosphere of law and the undercurrent of emotion that surrounds the transfer of property. Keep it under 200 words.;"The room tightens when the papers are laid out. Ceiling fans hum, stirring the smell of old files and incense that still clings to the walls. A lawyer clears his throat and begins to read, his voice steady, almost indifferent, while eyes around the table flicker—toward the cupboard that holds land deeds, toward the doorway where elders once sat. Names fall into the silence like weights. A field in the village. The upstairs room. Gold kept “for the daughters.”
No one interrupts. Respect demands patience. Later, in softer corners of the house, the negotiations begin. An uncle murmurs about fairness; a sister folds and unfolds the edge of her sari, counting more than cloth. Tea is poured again and again, as if ritual might cool the heat of memory. Outside, life continues—vendors call, children play—but inside, property becomes history made solid. Signatures follow, thumbprints bloom in blue ink, and the law closes its file. What remains is less orderly: a recalibration of bonds, a quiet measuring of who gained land, who gained duty, and who learned, once more, what belonging costs.
";1;0;0;1;1;0
Chatgpt 5 (prompt 2) India;Write the opening paragraph of a story set within the Indian society that begins with the moment inheritance becomes real — perhaps the opening of a will, a family gathered in silence, or the first steps of dividing possessions. Let it feel like the start of a larger narrative about family, tradition, and control. You may include short dialogue, but focus on tone and tension. Keep it under 200 words.;"The will was placed at the center of the table like an object with weight, its edges softened by time and handling. No one reached for it at first. The room was full—uncles, aunts, cousins who rarely visited—yet unnervingly quiet, the only sound the slow ticking of a wall clock that had belonged to the dead man. “We should begin,” someone finally said, too softly, as if afraid the words might offend. The lawyer adjusted his glasses. Outside, a pressure cooker hissed and was forgotten. Inside, every breath felt measured. This was the moment when affection hardened into entitlement, when stories told over decades would be tested against ink and signatures. Eyes lingered on cupboards, on framed photographs, on the locked bedroom door. Inheritance had arrived—not as money or land yet, but as a shift in gravity. Whatever was written would not just divide property; it would rearrange loyalties, silence some voices, and give others a reason to speak at last.
";1;0;0;1;0;0
Chatgpt 5 (prompt 3) India;"Describe, in a novel-like manner, how inheritance typically operates in the Indian society. Do not focus on specific individuals; instead, narrate the general flow — from the making of wills to the passing of property among kin. Capture the blend of legal order, custom, and human feeling that surrounds it, as if telling a scene from collective life. Keep it under 200 words and you may include brief quoted phrases.";"Inheritance moves slowly, like something heavy being carried through narrow rooms. It often begins long before death, in cautious conversations—“everything is written,” “this is for the children”—or in silences where nothing is written at all. When the moment comes, law enters the house politely: stamped papers, attesting witnesses, a measured voice explaining shares and procedures. Yet custom never leaves. Elders interpret intent, reminding others what is right, not merely what is legal.
Property passes by category as much as by value—land, house, gold, obligations. Sons are spoken to in terms of responsibility; daughters are reassured with phrases like “you will always have your place.” Disputes rarely explode at once. They simmer over tea, surface in whispered recalculations, then reappear months later in registrar offices and court corridors. Thumbprints in blue ink finalize what emotions cannot resolve.
When it is done, nothing looks dramatically different. The house still stands. Fields are still fields. But relationships have subtly shifted. Inheritance does not simply distribute assets; it redraws hierarchy, confirms belonging, and quietly teaches everyone what power looks like when wrapped in tradition and sealed by law.
";1;0;0;0;1;0
Mistral-large (prompt 1) India;;"The air in the old bungalow was thick with the scent of sandalwood incense and the faint, lingering aroma of chai left untouched on the side table. The family gathered in the dimly lit drawing room, their faces half-shadowed by the slow turn of the ceiling fan. The lawyer, a man with a voice as dry as the parchment he held, cleared his throat and began to read. Each word fell like a pebble into a still pond, rippling through the room.
Eyes darted—between the will, the lawyer, and each other. The eldest son’s jaw tightened as the ancestral home was divided, not as he had assumed, but as his father had quietly decided. His sister’s fingers traced the edge of her saree, her share of the jewelry box a small consolation for the land she had hoped for. The youngest, still a student, shifted uncomfortably, unaware that his name had been added to a bank account only the day before.
Outside, the mango tree swayed in the evening breeze, indifferent to the whispers and the rustle of papers being signed. The law moved methodically, but the heart did not. In the silence between clauses, grief and greed sat side by side, both unspoken, both understood.
";1;0;0;1;1;0
Mistral-large (prompt 2) India;;"The monsoon rain tapped against the windows of the old haveli like impatient fingers, as if even the sky knew what was coming. Inside, the family sat in a semicircle around the teakwood table, its surface polished to a mirror by decades of use—first by their grandfather, then their father, and now, for this. The lawyer, a thin man with a briefcase that had seen too many such gatherings, placed the sealed envelope on the table. Its edges were slightly yellowed, the ink of the address just faint enough to suggest it had been written and rewritten in hesitation.
""Should we begin?"" he asked, though no one had spoken since he arrived.
The eldest uncle lit a cigarette, the flare of his match briefly illuminating the lines of tension around his mouth. His sister, draped in the same white saree she had worn for the past forty days, did not look up. The younger cousins shifted, their modern clothes out of place in the weight of the room. The envelope remained untouched, a silent arbiter.
No one reached for it. No one needed to. The moment it was opened, everything would change.
";1;0;0;1;0;0
Mistral-large (prompt 3) India;;"In India, inheritance moves like a river—sometimes swift and clear, other times meandering through the old channels of custom and law. It begins quietly, often with a father or grandfather, pen in hand, drafting a will in the dim light of his study, the weight of his decisions pressing heavier than the gold he divides. ""This goes to the eldest,"" he murmurs, ""that to the daughters,"" as if balancing not just assets, but love and duty.
When the time comes, the family gathers—not just for grief, but for the reading of the will, a moment suspended between tradition and the cold precision of legal ink. The lawyer’s voice cuts through the hush, each clause a ripple of tension. Land, jewelry, businesses—each item carries stories, claims, and unspoken expectations. The sons listen for their names, the daughters for fairness, the uncles for oversight.
Yet, beneath the formalities, emotions churn. Pride, resentment, relief—all simmer as signatures are affixed and stamps pressed. The law may dictate the process, but it is the family’s unwritten rules, its whispers and glances, that truly shape how wealth—and power—passes from one generation to the next.
";1;0;0;1;1;0
Qwen 3-Max (prompt 1) India;;"The lawyer’s office smells of old paper and sandalwood incense someone lit in the corridor. Outside, Mumbai hums—honking rickshaws, a chai-wallah’s call—but in here, silence clings like dust to the framed land deeds on the wall. The sons sit stiffly on mismatched chairs; the daughter folds her hands in her lap, eyes downcast. The will is read in measured Hindi, each clause a stone dropped into still water.  

When the property in Kolhapur is left not to the eldest, as custom might whisper, but split three ways—yes, even to her—the air shifts. No one speaks, yet everything is said: the tightening of a jaw, the rustle of a sari as she adjusts her pallu, the slow, deliberate tap of the younger brother’s pen against his knee.  

Later, over weak tea in the hallway, murmurs begin—“For the mother’s care,” “The ancestral home must stay intact,” “She’ll marry soon anyway.” The law has spoken clearly; tradition negotiates in whispers. Papers are signed, fingerprints pressed like reluctant kisses onto ink. And somewhere, beneath deeds and dowry talk, the dead man’s voice lingers—in what was given, and what was never written at all.";1;1;0;1;1;1
Qwen 3-Max (prompt 2) India;;"The brass key was cold in Aunty Shobha’s palm as she turned it in the lock of the old rosewood cabinet—the one Uncle Inder had always said “only opens when the time is right.” Around her, the family stood like figures in a faded photograph: cousins leaning against doorframes, elders perched on velvet settees, the youngest nephew fidgeting with the tassel of a curtain. Not a cough, not a sigh—just the groan of wood yielding after twenty years. Inside lay no jewels, only a bundle of land papers tied with saffron string and a single envelope addressed in shaky ink: *For the one who stays.*  

“Who stays?” Neel, the NRI son, asked first, voice sharp with the accent of another country.  

No one answered. The ceiling fan whirred, slicing the heat into slow, uneasy circles. Somewhere in the courtyard, a sparrow called twice—once for grief, once for warning. The inheritance had been delivered not in words, but in silence, and the real division had only just begun.";0;0;1;0;0;0
Qwen 3-Max (prompt 3) India;;"Inheritance in India unfolds not in a single act but in a slow seep—like monsoon water through cracked courtyard tiles. Many die without wills, trusting custom to carry their legacy: land to sons, blessings to daughters, the family home held in collective name though lived in by one. When a will *is* written, it is often in cautious script, tucked beside prayer books or bank passbooks, its existence whispered only after the funeral pyre cools. Lawyers unroll deeds yellowed at the edges; clerks stamp papers that change hands more than once, each signature a quiet concession or concealed grievance. “It’s only fair,” someone says, while another murmurs, *“Beta, sabko milna chahiye”*—“Child, everyone should get something.” But fairness bends under the weight of dowry debts, maternal claims, or the unspoken belief that caring for aging parents earns a heavier share. In villages, elders mediate beneath banyan trees; in cities, inheritance is argued over WhatsApp and witness affidavits. Through it all runs the tension between law and lore—the Hindu Succession Act on one shoulder, ancestral expectation on the other—each family navigating the gap with a mix of resignation, strategy, and sorrow.";1;1;0;1;1;1
Gemini 2.5-Flash (prompt 1) India;;"The air in the lawyer’s chamber was thick with sandalwood and unspoken words, a familiar hush descending upon the assembly. We were here, a family gathered not in celebration, but around the ghost of a patriarch—a man who had woven his life into the very fabric of the estate.
The reading of the will—a crisp document bound in scarlet tape—was the legal formality, the pronouncement of an earthly fate. Yet, the real drama unfolded in the quiet negotiations that followed, the sidelong glances, the clearing of throats that preceded a calculated whisper. A daughter-in-law, usually so demure, spoke with the sudden, sharp clarity of one claiming her due. A son, who had spent decades abroad, watched with a detached, mercantile eye, weighing sentiment against square footage.
It wasn't just land or gold being transferred; it was the legacy, the izzat (honor), tied to the possession. The legal terms, the percentages, the division of assets, were merely a rigid frame around a river of emotion—grief mingling with a keen sense of entitlement, and the silent, heavy acknowledgment that with every inherited inch, a new burden of responsibility was also passed down.
";1;0;0;1;0;0
Gemini 2.5-Flash (prompt 2) India;;"The lawyer, Mr. Chawla, adjusted his spectacles, the fluorescent light glinting off the gold frames as he cleared his throat—a small, abrasive sound that seemed to scrape against the heavy silence of the living room. Seven pairs of eyes, belonging to the three children and their spouses, were fixed not on him, but on the thick, cream-colored envelope resting on the mahogany table. It held the final pronouncement of their father’s will, a document that would, in the next hour, redraw the map of their relationships. A faint scent of old paper and dust motes danced in the afternoon sunbeam, illuminating the fine silver streaks in Bade Bhai’s hair. ""Well, let's begin,"" Mr. Chawla finally said, breaking the tension with professional briskness. ""The first clause concerns the textile mills in Surat."" The elder daughter, Preeti, subtly reached for her husband’s hand, her knuckles white, her gaze betraying a decade of careful deference now struggling against a sudden, raw ambition. This wasn't merely about property; it was about who would inherit the scepter of control, the power their father had wielded until his last breath.
";1;0;0;1;0;0
Gemini 2.5-Flash (prompt 3) India;;"The act of inheritance begins long before the lawyer's pen touches the parchment, often in the quiet, calculating heart of the patriarch or matriarch. This unspoken will, guided by the ancient law of primogeniture mixed with modern equitable thought, usually favors the sons, the traditional torchbearers, but must now also acknowledge the daughters—a whispered truth: ""She must get her share.""
The formal document, the Will, is a recent, legalistic overlay on centuries of custom, usually drafted to ensure smooth transfer and to avoid the dreaded family feud. Yet, upon death, the transfer is rarely smooth. The distribution is a blend of the legal mandate and the forceful gravity of tradition. Often, the bulk of the business or ancestral home—the ""heart of the matter""—passes to the eldest son, who is deemed the custodian. Monetary assets and smaller plots are then partitioned. The real negotiations happen not in court, but in the drawing-room, where ""mutual understanding"" is sought, a fragile truce struck between legal rights and filial expectation, cloaked in a veneer of respect for the departed.
";1;0;0;1;1;0
Deepseek V3.2 (prompt 1) India;;"The air in the advocate’s office is thick with dust motes and unsaid words. The ceiling fan groans, struggling against the Delhi heat and the heavier heat of anticipation. Before the polished teak desk, the family sits on stiff chairs—uncles in crisp kurtas, a widow lost in her white sari, cousins avoiding each other’s eyes.

The lawyer’s voice, dry as legal parchment, cuts the silence. He recites clauses about ‘bequeath’ and ‘freehold property.’ But beneath his monotone runs a subterranean river of feeling: the sharp intake of breath at an unequal share, the subtle tightening of a jaw, the way an aunt’s sari pallu is clutched, knuckles white.

A grandfather’s watch is mentioned. Eyes flicker towards the eldest son who wears it. It is not just bricks and bank accounts being divided, but history, favor, and sometimes, love. The stamp paper holds the cold finality of law, but in the room, lifetimes of whispered promises and old resentments hang, unresolved, in the weary, spinning air.";1;0;0;1;0;0
Deepseek V3.2 (prompt 2) India;;"The stillness in the bungalow’s main hall was absolute, broken only by the dry rustle of the cream-colored paper in Advocate Srinivasan’s hands. Before him, the three Sharma brothers sat like statues on the heavy rosewood sofa, their wives a tense, silk-clad tableau behind them. The scent of sandalwood incense from the morning’s puja still lingered, a futile attempt to mask the scent of dissolution.

“As per the last will and testament of Mr. Rajendra Sharma,” the advocate began, his voice unnaturally loud in the hush. The eldest son, Prakash, stared fixedly at the portrait of their father above the mantel, his jaw a hard line. The middle son, Vinod, fidgeted with his car keys. The youngest, Arjun, watched a gecko scuttle across the high ceiling, already feeling the walls of the family home, of his whole life, begin to reconfigure.

“The family business, Sharma & Sons Textiles,” Srinivasan continued, adjusting his spectacles, “is bequeathed in its entirety to…”

He paused. Prakash leaned forward imperceptibly.

“…to Vinod.”

A sharp, hissed intake of breath came from Prakash’s wife. It was not just a factory that changed hands in that instant, but a century of assumed order, shattering with the turning of a page.";1;0;0;1;0;0
Deepseek V3.2 (prompt 3) India;;"In the shadow of loss, the matter of assets unfolds like a slow, sacred ritual tangled in legal parchment. Often, it begins not with a lawyer’s summons, but in the hushed conversations of a mourning household, where customary whispers of ""the son gets the property, the daughters get the jewels"" vie with the stark, typed impartiality of a will. There is the weight of tradition—ancestral land passing silently from father to son, a current of unspoken duty. Yet, increasingly, there is the deliberate scratch of a pen in a notary’s office, an attempt to impose order upon affection and old wounds.

The transition itself is a tapestry of formal stamps and quiet reckonings. Legal notices are published; names are entered into municipal ledgers. But beneath this official surface flows the deep, human undercurrent: the unvoiced question of a parent's love measured in square feet, the brittle silence over a disputed heirloom, the scent of old ledgers and regret. Property changes hands, but what truly passes is history, memory, and the delicate, often fractured, map of a family's heart.";1;0;0;1;1;1