country;link;text;Main Branches of Armed Forces;Participation in International Conflicts;Peacekeeping Operations;Humanitarian Missions;Military Technology and Capability;Budgetary Emphasis;Domestic Roles Beyond Defense
Australia;https://www.everyculture.com/A-Bo/Australia.html;Military Activity. The defense forces operate according to three basic priorities: defeating attacks from outside the country, defending the nation's regional interests, and supporting a global security environment that discourages international aggression. Australia has a volunteer army reserve but no national service requirement. There is a navy, an army, and an air force. Twelve percent of regular service positions are held by women. The nation's strategic stance is broadly defensive, with the expectation that armed force will be used only to defend national interests. The Defence Force has been called on frequently, to assist in international security and humanitarian crises in the Middle East, Namibia, and Cambodia as well as in humanitarian crises in Somalia and Rwanda. The most recent military activity has been peacekeeping in East Timor. The Defence Force also has played a key role in responding to major floods and fires, and its services are called on in search and rescue missions.;1;1;1;1;0;0;1
Brazil;https://www.everyculture.com/Bo-Co/Brazil.html;Military Activity. The role of the military in Brazilian life declined significantly following the military dictatorship that lasted from 1964 to 1985. By 2000 the three forces of the military, the army, navy, and air force, had been subsumed under a new civilian defense ministry and were forced to give up their separate cabinet-level posts. Despite considerable grumbling about this reorganization, particularly among the nationalist wing of the Air Force, no evidence exists that the Brazilian armed forces have either the ability or the desire to regain their lost power through a military coup.;1;0;0;0;0;0;0
China;https://www.everyculture.com/Bo-Co/China.html;"Military Activity. The People's Liberation Army (PLA) includes the Ground Forces, the Navy (both marines and naval aviation), the Air Force, and the Second Artillery Corps (strategic missile force). The People's Armed Police, consisting of internal security troops, is supposedly subordinate to the Ministry of Public Security but is included in the ""armed forces"" and in times of war acts as an adjunct to the PLA. The government quotes a figure of over $12 billion (1.2 percent of the GDP) for military expenses, but many Western analysts place the amount several times higher. Service in the PLA is voluntary and highly selective. Both women and men can serve, and the army conscientiously upholds communist ideals of equality; there are no ranks in the army. As of 1998, there were 2.8 million people in the armed forces: 1,830,000 in the army, 420,000 in the air force, and 230,000 in the navy. That year, however, the government introduced a plan to cut the armed forces by half a million.";1;0;0;0;1;1;1
Denmark;https://www.everyculture.com/Cr-Ga/Denmark.html;Military Activity. Since World War II, Denmark has been a member of the North Atlantic Treaty Organization (NATO), and it participated in NATO's actions in the Balkan crisis in the 1990s, particularly in Bosnia and Kosovo. Denmark also contributes to the United Nations peace forces in the Middle East and other areas. In 1993, the population voted not to join in the development of a common EU military force. The military is staffed through a system of compulsory enrollment. The term of service, depending on one's duties, ranges from four to twelve months. Full mobilization in the defense forces involves fifty-eight thousand soldiers, while in the absence of war the number is only fifteen thousand. The defense forces include the navy, air force, home guard, and national rescue corps. The defense budget in 1997 was under 2 percent of the gross national product.;1;1;1;0;0;1;1
Egypt;https://www.everyculture.com/Cr-Ga/Egypt.html;"Military Activity. Egypt fought many wars in the second half of the twentieth century, mostly with Israel: around the creation of Israel in 1947â€“1949; over the nationalization of the Suez Canal Company and the ""tripartite aggression"" of Israel, France, and the United Kingdom in 1956; the Six-Day War in 1967; the war of attrition in the early 1970s; and the October War of 1973. In addition, Egypt was involved in the Yemeni civil war in the 1960s, when Saudi Arabia was involved on the other side, and contributed troops to the allies who confronted Iraq over the invasion of Kuwait in 1990â€“1991. Egypt suffered considerable loss of life in the wars with Israel between 1947 and 1973, so the situation since then seems more peaceful.";0;1;0;0;0;0;0
Ethiopia;https://www.everyculture.com/Cr-Ga/Ethiopia.html;Military Activity. The Ethiopian military is called the Ethiopian National Defence Force (ENDF) and is comprised of approximately 100,000 personnel, making it one of the largest military forces in Africa. During the Derge regime, troups numbered around one-quarter of a million. Since the early 1990s, when the Derge was overthrown, the ENDF has been in transition from a rebel force to a professional military organization trained in demining, humanitarian and peacekeeping operations, and military justice. From June 1998 until the summer of 2000, Ethiopia was involved in the largest war on the African continent with its northern neighbor, Eritrea. The war was essentially a border conflict. Eritrea was occupying the towns of Badme and Zalambasa, which Ethiopia claimed was sovereign territory. The conflict can be traced to Emperor Menelik, who sold Eritrea to the Italians in the late nineteenth century. Large-scale fighting occurred in 1998 and 1999 with no change in the combatants' positions. During the winter months, fighting was minimal because of the rains, which make it difficult to move armaments. In the summer of 2000, Ethiopia achieved large-scale victories and marched through the contested border area into Eritrean territory. After these victories, both nations signed a peace treaty, which called for United Nations peacekeeping troops to monitor the contested area and professional cartographers to demarcate the border. Ethiopian troops withdrew from undisputed Eritrean territory after the treaty was signed.;0;1;1;1;1;0;0
France;https://www.everyculture.com/Cr-Ga/France.html;Military Activity. The president is the commander in chief of the military, and the minister of defense reports directly to the president. France has an army, navy, and air force. It also contributes to the United Nations military forces and is in the NATO alliance, although its relationship to NATO has been precarious at times. France was involved in several armed conflicts during the twentieth century. After the first and second world wars, it was involved in colonial wars in Algeria and Indochina. The draft is being phased out and will disappear in 2002. Universal compulsory military service for a period of at least sixteen months has been mandatory for all eighteen-year-old males and marked an important rite of passage into adulthood.;1;1;1;0;0;0;0
Georgia;https://www.everyculture.com/Ge-It/Georgia.html;Military Activity. There has been little military action since the end of the civil war and the suspension of the conflict in Abkhazia, but the development of the nation's military potential attracts great attention from both the public and the government. Georgia participates in NATO's Partnership for Peace program and aspires to achieve closer cooperation, and even integration, with NATO. There still are four Russian military bases in the country, although their gradual withdrawal is under way.;0;0;0;0;1;0;0
Germany;https://www.everyculture.com/Ge-It/Germany.html;Military Activity. The German armed forces are under the control of the civilian government and are integrated into the North Atlantic Treaty Organization (NATO). German men who are eighteen years of age are required to serve for ten to twelve months in the armed forcesâ€”or an equivalent length of time in volunteer civilian service. In 2000, Germans began a public debate about the restructuring of the armed forces.;0;0;0;0;0;0;1
India;https://www.everyculture.com/Ge-It/India.html;Military Activity. Five wars with Pakistan and one with China since independence have provided training for several generations of soldiers. India thus has a strong program of national defense, with four national services: the army, navy, air force, and coast guard (since 1978). In 1996, these branches;1;1;0;0;1;0;0
Iran;https://www.everyculture.com/Ge-It/Iran.html;Military Activity. Although there is a standing army, navy, and air force, the Revolutionary Guards ( Pasdaran-e Engelab ), organized shortly after the Revolution, dominate military activities, often coming into conflict with the standard military forces. The Revolutionary Guards either accompany or lead all military activities, both internal and international. A national police force oversees urban areas, and a gendarmerie attends to rural peacekeeping.;1;1;1;0;0;0;1
Italy;https://www.everyculture.com/Ge-It/Italy.html;Military Activity. The country's president is the commander of the armed forces. He also chairs the Supreme Council of Defense. Male military service is compulsory. Italy is a member of the North Atlantic Treaty Organization (NATO). The first significant deployment of troops outside Italy took place in 1997, when troops were sent to Albania to help control the chaos that resulted with the collapse of the economy. As a member of NATO, the country allowed its air bases to be used in attack on Yugoslavia.;0;1;1;0;0;0;0
Japan;https://www.everyculture.com/Ja-Ma/Japan.html;"Military Activity. The constitution of 1947 renounced the use of military force and forbids the state from maintaining armed forces. However, Japan maintains a ""self-defense force"" with substantial personnel and weaponry, supported by a growing budget.";0;0;0;0;1;1;0
Mexico;https://www.everyculture.com/Ma-Ni/Mexico.html;Military Activity. Mexico has had civilian presidents since 1946 and has not been involved in international disputes in recent decades. The primary role of the military is the maintenance of internal order. The Ministry of National Defense (the army and air force) and the marines together comprised an armed force consisting of almost 240,000 members in 1998. Military expenditures have increased substantially in recent years and amounted to $2.5 billion (U.S.) in 1996, accounting for almost 1 percent of the GDP. In recent years the military has been involved in two serious problems: the armed uprising in the state of Chiapas and the struggle against drugs. Mexico is a major supplier of marijuana and heroin to the U.S. market and is the primary transshipment country for cocaine from South America. In 1998 the government spent $147 million (U.S.) to combat drug trafficking, an amount that has increased spectacularly in recent years.;1;0;0;0;0;1;1
New Zealand;https://www.everyculture.com/Ma-Ni/New-Zealand.html;Military Activity. The armed forces are small and participate in peacekeeping exercises under United Nations or other multinational auspices or independently, including regional training search and rescue operations, fisheries protection, Antarctic support, hydrographic survey, and disaster relief.;0;0;1;1;0;0;1
Nigeria;https://www.everyculture.com/Ma-Ni/Nigeria.html;Military Activity. Nigeria's military consists of an army, a navy, an air force, and a police force. The minimum age for military service is eighteen. The Nigerian military is the largest and best-equipped military in West Africa. As a member of the Economic Community of West African States (ECOWAS), Nigeria is the major contributor to the organization's military branch, known as ECOMOG. Nigerian troops made up the vast majority of the ECOMOG forces deployed to restore peace following civil wars in Liberia, Guinea-Bissau, and Sierra Leone. Public dissatisfaction with Nigeria's participation in the Sierra Leonean crisis was extremely high due to high casualty rates among the Nigerian soldiers. Nigeria pledged to pull out of Sierra Leone in 1999, prompting the United Nations to send in peacekeepers in an attempt stem the violence. While the foreign forces in Sierra Leone are now under the mandate of the United Nations, Nigerian troops still make up the majority of the peacekeepers. Nigeria has a long-running border dispute with Cameroon over the mineral-rich Bakasi Peninsula, and the two nations have engaged in a series of cross-boarder skirmishes. Nigeria, Cameroon, Niger, and Chad also have a long-running border dispute over territory in the Lake Chad region, which also has led to some fighting across the borders.;1;1;1;0;1;0;1
Russia;https://www.everyculture.com/No-Sa/Russia.html;"Military Activity. After the disintegration of the Soviet Union, Russia experienced a blow to its national pride and identity. Without a Cold War to legitimize a military presence in client states, few fiscal resources, and no longer the center of a superpower state, Russia's military forces contracted, and its military doctrine was revised to focus on national defense and the maintenance of political stability (particularly in border regions). Military issues today include the expansion of NATO, the need for multilateral nuclear disarmament, and separatist movements in the northern Caucasus. Although military expenditure has decreased and the number of personnel in the armed forces has fallen, sizable forces are stationed in Georgia, Armenia, Moldova, and Tajikistan; these are nominally peacekeeping forces, but one of their functions is to protect Russian strategic interests. Russia has waged two wars with Chechnya to repress independence movements in that republic. Russia wants to maintain access to the Caspian Sea's rich oil reserves, hopes to prevent the spread of Moslem fundamentalist movements in its territory, and fears that other ethnically based republics and autonomous regions will pursue independence if Chechnya succeeds. Russian forces invaded Chechnya in 1994 and in the following two years nearly leveled the capital city, Grozny, and killed at least thirty thousand of its citizens, including many ethnic Russians. Several thousand Russian forces were killed, and public opinion turned against the war. Russian forces began to withdraw in 1996. In 1999, Chechen rebels in Dagestan gave Russia a justification to renew its attacks; in this second war, Grozny was destroyed, thousands more were killed, and tens of thousands became refugees. Publicity about young men returning home maimed or dead spurred a movement of mothers against the war. Ferocious propaganda stimulated the populace to virulent nationalism and racism against those Russians called ""blacks.""";0;1;1;0;0;1;1
Saudi Arabia;https://www.everyculture.com/Sa-Th/Saudi-Arabia.html;Military Activity. Saudi Arabia maintains an army, navy, air force, coast guard, national guard, and frontier guard with a combined total of about two hundred thousand men. These all-volunteer forces have state-of-the-art equipment and a reputation for professionalism.;1;0;0;0;1;0;0
Turkey;https://www.everyculture.com/To-Z/Turkey.html;"Military Activity. The Turkish military plays political, cultural, and security roles. Military leaders created the republic in 1923, replaced civilian governments in 1960 and 1980, and forced a civilian government out of office in 1971. Because of universal male conscription, the military is a major national socialization agent for young men of different regions, classes, and ethnicities. Since joining the North Atlantic Treaty Organization in 1952, Turkey has maintained a large military consisting of land forces, navy, air force, coast guard, and gendarmerie. In 1994, it had 503,800 officers and enlisted men on active duty. Defense is usually the largest category in the national budget; from 1981 to 1991, it averaged 20 percent of total government expenditures.";1;0;0;0;1;1;1
United States of America;https://www.everyculture.com/To-Z/United-States-of-America.html;Military Activity. The country has officially been at peace since World War II but has unofficially been in almost continuous military conflict. These conflicts have included frequent interventions in Central and South America, the Middle East, and Africa. During the period between the end of World War II and the breakup of the Soviet Union (1989), military interventions frequently involved Cold War motivations. Since that time, the country has used its military forces against Iraq and has supported efforts by other governments to fight the drug war in Central America.;0;1;0;0;0;0;1
Chatgpt 5 (prompt 1);Describe, in detail, how military activity is organized and carried out within a society, as if you are observing it directly. Capture the tone, structure, and sense of purpose that define the defense forces and their place in collective life. Write in a novel-like, observational tone under 200 words, and you may include brief quoted phrases.;"Dawn arranges itself around the barracks like a careful ritual: boots thud down corridors, radios click to life, and a sergeant’s clipped “Move!” trims the morning into purpose. Training grounds sprawl like a small city of repetition — squads practicing the same ordered movements until muscle memory blunts hesitation; mechanics lean under vehicles with the focused calm of surgeons; planners at long tables fold maps and time into neat columns. Discipline is a soft architecture here: rules that shape speech, schedules that shape sleep, uniforms that erase private timelines into a shared one. When drills end, the town exhales — vendors pack up, children point at camouflaged trucks — and the military slips back into routines of maintenance, intelligence, and watchful patrol. In public ceremonies it shows its face: brass, flags, and the exact cadence of honor. Between parades and patrols, its real work is quieter — unseen logistics, the slow keeping of readiness — a hum of preparedness stitched into the fabric of daily life.
";0;0;0;0;1;0;1
Chatgpt 5 (prompt 2);Write the opening paragraph of a text that begins with a moment shaped by military activity. Let it feel like the start of a larger narrative that reflects how a society understands defense, duty, and service. Keep it under 200 words and you may include short dialogue.;"The siren began before sunrise, low and steady, folding itself into the rhythm of the city’s waking. From balconies, people paused mid-motion — a hand halfway to a coffee cup, a mother braiding her daughter’s hair — listening for the second call that would confirm it was only a drill. Down by the square, soldiers were already assembling, their breath visible in the cold, rifles slung with the ease of habit. “Routine readiness,” one of them murmured, more to himself than to the boy beside him. Around them, shopkeepers lifted shutters, buses resumed their routes, and life continued in practiced coexistence with the machinery of defense. In this place, the military was less an institution than a pulse — constant, rhythmic, woven through memory and necessity alike. Even the silence that followed the siren carried a kind of reassurance: the system worked, the borders held, the watch was never broken.
";0;0;0;0;1;0;1
Chatgpt 5 (prompt 3);"Describe, in a novel-like but reflective way, how military activity functions within a society. Do not focus on specific individuals; instead, narrate the general organization, purpose, and influence of armed service as part of collective life. Keep it under 200 words.";"Military activity in this society moves like an unseen current — disciplined, deliberate, and always near. It begins in the training fields where order is taught as a second language: precision of step, alignment of thought, obedience as rhythm. From there it extends outward, into offices where strategy is drawn not with passion but geometry, and into the quiet hum of supply chains that feed an entire architecture of defense. The armed forces stand as both shield and symbol — a reminder of past struggles, a rehearsal for those imagined ahead. They shape calendars through commemorations, economies through contracts, and minds through the slow normalization of vigilance. Young people learn early that service is not merely an occupation but a form of belonging, a covenant between citizen and nation. And though weapons may rest in storage, their presence organizes the collective sense of safety — an invisible perimeter of discipline surrounding the ordinary chaos of civil life. In the cadence of drills, parades, and flags, the society remembers itself as something guarded, unified, and prepared.
";0;0;0;0;1;1;1
Mistral-large (prompt 1);;"The barracks hums before dawn, a low thrum of discipline and anticipation. Boots strike concrete in unison, the rhythm of a machine calibrated to precision. Here, the military is not just an institution—it is a living organism, woven into the fabric of society like steel threads in a tapestry.
Recruits arrive as individuals, their postures uncertain, their voices still soft with civilian cadence. But the drill sergeants, voices sharp as rifle cracks, reshape them: ""Shoulders back, eyes forward!"" The transformation is deliberate, almost ritualistic. They learn to move as one, to think as one, to surrender the ""I"" for the ""we.""
Beyond the training grounds, the hierarchy unfolds like a map of power and responsibility. Generals, their insignia gleaming, plot strategy in war rooms lined with maps and flickering screens. Officers, their bearing a blend of authority and restraint, translate orders into action. The enlisted carry out the will of the chain, their loyalty not to a person, but to the idea—the flag, the nation, the mission.
In the streets, the military’s presence is both seen and felt: patrols in crisp uniforms, the occasional roar of jets overhead, the quiet pride of veterans in cafés, their medals tucked away but never forgotten. It is a society’s contract with itself—sacrifice for security, order for freedom. The cost is always there, whispered in the silence between salutes.
";0;0;0;0;1;0;1
Mistral-large (prompt 2);;"The first shell landed just after dawn, its explosion a blunt punch against the horizon, shaking the morning mist into swirling ghosts. Elias didn’t flinch—he’d heard the sound before, in training, in drills, but never like this, never with the weight of something real behind it. Around him, the city held its breath, windows rattling in their frames, children’s laughter cut short. His unit moved as one, boots pounding the pavement in a rhythm older than the streets beneath them.
""You ready?"" his sergeant asked, voice low, eyes scanning the skyline.
Elias tightened his grip on his rifle. ""Always.""
It wasn’t just about the threat beyond the hills anymore. It was about the faces in the windows, the old man who’d pressed a cup of tea into his hands yesterday, the schoolteacher who’d smiled when they marched past. Defense wasn’t just a job—it was a promise, written in sweat and steel, passed down like a torch. And today, the flame was his to carry.
";0;1;0;0;1;0;1
Mistral-large (prompt 3);;"The military moves through society like a quiet river—always present, always shaping the land, even when unseen. Its pulse is the rhythm of barracks at dawn, the hum of convoys on distant highways, the silent vigil of sentries at forgotten outposts. It is not just an arm of the state, but a living covenant, a promise etched in uniforms and oaths, in the polished boots of recruits and the weary eyes of veterans.
Its organization is both machine and organism: commands flow downward like rain through roots, nourishing action, while loyalty rises like sap, binding the whole. The hierarchy is unyielding—generals plot in war rooms, officers translate will into motion, soldiers carry the weight of duty in their packs. Yet for all its rigidity, it bends to the needs of the people: it builds bridges after floods, delivers aid in crises, stands guard at borders both real and imagined.
In the streets, its influence lingers—not just in parades or monuments, but in the way civilians straighten their spines when a patrol passes, in the quiet respect for those who serve, in the stories told at kitchen tables. The military does not merely defend; it defines. It is the shadow and the shield, the cost of peace paid in discipline, the silent contract between a nation and its future.
";0;0;0;1;0;0;1
Qwen 3-Max (prompt 1);;"Dawn breaks over the parade ground, and already they move—ranks of soldiers in precise formation, boots striking earth in unison, a rhythm that thrums through the village beyond the wire. Their drills are not mere repetition but ritual: each command barked, each rifle shouldered, each salute rendered with the gravity of a vow. “Eyes front! Shoulders back!” echoes across the field, not as tyranny, but as shared discipline.  

In town, civilians nod as convoys roll through—familiar as harvest wagons—children mimicking salutes with solemn eyes. The barracks hum with routine: oiling weapons, mending uniforms, poring over maps that chart not conquest, but contingency. At mess, laughter mingles with talk of home, yet beneath it runs a current of readiness.  

They are not separate from society but its silent architecture—trained not for glory, but guardianship. When the siren sounds for exercise, the baker pauses his kneading; the schoolteacher glances toward the ridge. No one panics. They know: this is the pact. Order is rehearsed so chaos never need be. “We stand so you sleep,” reads the faded motto above the gate—less boast than burden, borne without flourish.";0;0;0;0;1;0;1
Qwen 3-Max (prompt 2);;"The first shell didn’t explode—it whistled, long and low, like a breath held too long—before embedding itself in the wheat field beyond Old Man Heron’s fence. No one ran. From porches and plows, villagers straightened, eyes tracking the smoke curling skyward, not in panic but recognition. “Not ours,” muttered Kael, brushing chaff from his sleeve. “Ours don’t whistle like that.”  

By noon, the conscription notice would be nailed to the post office door, names already known before ink touched paper. Boys who’d mended nets or herded goats yesterday would tonight polish boots they’d never worn. Mothers would pack rye bread and silence in equal measure. This was the rhythm: peace fraying at the edge, duty stepping in like a familiar shadow. No speeches, no fanfare—just the quiet turning of a wheel greased by generations. Defense wasn’t debated here; it was inherited, like the stubborn clay of the fields or the way the river bent west. “Time again,” said Elira, handing her brother his father’s canteen. He nodded. The whistle had already told them what words never could.";0;1;0;0;1;0;1
Qwen 3-Max (prompt 3);;"In this land, the military is less an institution than a current—steady, unseen beneath daily life, yet shaping its contours. It rises not in bursts of spectacle but in the quiet cadence of drills at dawn, in the measured tread of boots along border roads, in the way every third household keeps a folded uniform in the cedar chest. Service is not compulsory, yet expected; not glorified, yet honored. Boys and girls alike learn its grammar early: the meaning of a salute, the weight of a vow, the difference between force and protection.  

The state trains, equips, and deploys, yes—but the people sustain. They host recruits during exercises, mend uniforms for neighbors, lower flags on remembrance days without being asked. Defense is woven into the social fabric, not as a threat held at bay, but as a shared responsibility, like harvest or flood-watch. In times of calm, the army recedes—a silhouette on the horizon. In crisis, it becomes the spine of the nation, not because it commands, but because it belongs. Its purpose is never conquest, but continuity: to ensure that the baker’s oven stays lit, the school bell rings, and the old stories find new ears.";0;0;0;1;1;0;1
Gemini 2.5-Flash (prompt 1);;"In the heart of the society, the military pulses with a ""controlled discipline."" From the sprawling, meticulous barracks, where the rhythm of reveille dictates life, to the sterile, brightly-lit Command Centers, organization is paramount. Activity is a tiered hierarchy: ""boots on the ground"" maneuvers involve synchronized platoons, training endlessly in arid fields or simulated urban terrain, mastering their specialized roles—logistics, communication, and combat. Above them, Staff Officers plan with a strategic, cold logic, translating national policy into operational directives: where to deploy, what to defend, and how to project force. Their shared purpose is a palpable, almost sacred vow: the ""defense of the realm."" This purpose threads through every drill and deliberation, defining their place not just as a force, but as the silent, steel-edged guarantor of the collective peace . They are an organized contrast to civilian life, a necessary, formidable machine.
";0;0;0;0;1;0;0
Gemini 2.5-Flash (prompt 2);;"The sky above Sector Four was not a place for stars, but for the slow, methodical arcs of the defense drones, their navigation lights blinking a sterile emerald green against the perpetual twilight of the industrial zone. Every citizen knew that rhythm; it was the steel heartbeat of their security, a constant, low-frequency hum that vibrated through the foundation of every home and factory. On the roof of the Central Depot, young Kael watched the patrol with a practiced, solemn admiration, his hands gripping the chilled metal railing. His father, a veteran whose own scar tracked the line of a forgotten border conflict, stood beside him. ""See the precision, son? That’s not just a machine,"" the man murmured, his voice raspy. ""That’s duty, materialized."" Kael nodded, the word 'duty' settling in his chest like a promise, understanding that the greatest act of service was the unblinking vigilance that kept the peace. It was this understanding, this quiet acceptance of the armed watch, that truly defined their city.
";0;1;0;0;1;0;1
Gemini 2.5-Flash (prompt 3);;"The Armed Service is the society's deep, organized sigh—a mechanism of preservation built on stark discipline and unfaltering routine. Its presence is felt not in the chaos of battle, but in the quiet precision of its function: the vast, grid-like logistic centers that manage every resource, the unblinking satellite eyes that report to Command, and the training grounds where youth are forged into unified, specialized units. This machinery operates with a cold, almost monastic purpose: the maintenance of the collective peace. Its influence filters down, shaping civic life through notions of duty and sacrifice . The defense forces exist as a constant, formidable counterpoint to civilian fluidity—a necessary, structured shadow guaranteeing the safe passage of daily, unremarkable life. They are the nation's promise to itself, codified in steel and unwavering resolve.
";0;0;0;0;1;0;1
Deepseek V3.2 (prompt 1);;"From the parade square’s crisp geometry to the low hum of the motor pool at dawn, the military is a world within our world. It moves to its own rhythm, a deliberate tempo of maintenance and readiness. Young recruits, their faces set in concentration, are polished into a single, cohesive instrument. Their world is one of stark colours: the green of fatigues, the dull gleam of brass, the clean line of a boot.

This is not mere pageantry, but the visible expression of a solemn pact. The society goes about its business, glancing occasionally at the guarded gates, trusting in the silent, watchful presence behind them. The sense of duty is a tangible force, a thread woven through every action and every clean-pressed uniform.

A veteran sergeant, his eyes crinkled at the corners, watches a new platoon. He doesn’t shout, but his quiet words carry. **“It’s not about the fight,”** he tells them. **“It’s about the being ready to. That’s the promise we keep.”** And in that promise, the whole intricate machine finds its meaning.";0;0;0;0;1;0;1
Deepseek V3.2 (prompt 2);;The last convoy had rolled out at dawn, a slow, grinding exodus of green steel that left the town feeling hollowed out. Now, the silence where their engines had been was a presence itself. Anna watched from her porch, the familiar weight of her son’s deployment notice folded in her apron pocket. Down the street, old Mr. Henderson, who had served two tours a lifetime ago, methodically hung the flag on his porch, his movements a crisp, practiced ritual. His eyes met Anna’s, and he gave a single, slow nod. It was not a reassurance, but an acknowledgment—a passing of the watch. **“They’ll be back,”** he said, his voice gravelly with certainty. In that moment, defense was not a distant concept, but this shared, quiet burden, shouldered in sunlit streets, waiting for the sound of engines to return.;0;1;0;0;1;0;1
Deepseek V3.2 (prompt 3);;It exists as a city within the city, governed by its own time and rituals. Its purpose is not found in daily commerce, but in the patient cultivation of a single, formidable capability: sanctioned force. This is a world of maintained machinery and perfected drills, where individual identity is submerged into the unity of the unit. Its influence permeates the collective psyche, a quiet, sobering counterpoint to civilian life. It is the promise of protection made tangible, a weight the public acknowledges in the nod to a uniform, the folded flag, the distant sound of training exercises. This constant, structured readiness is the land's hidden backbone, a testament to the sober truth that peace, for a society, is not a passive state, but a condition actively maintained.;0;0;0;0;1;0;1
Chatgpt 5 (prompt 1) Ethiopia;Describe, in detail, how military activity is organized and carried out within the Ethiopian  society, as if you are observing it directly. Capture the tone, structure, and sense of purpose that define the defense forces and their place in collective life. Write in a novel-like, observational tone under 200 words, and you may include brief quoted phrases.;"Military activity in Ethiopian society moves with a disciplined, almost ritual rhythm, as if each action has been rehearsed across generations. At dawn, training grounds stir first: boots striking earth in unison, instructors calling out commands that cut cleanly through the morning air. The structure reveals itself in layers — senior officers standing at the edge of the field, watching with folded arms, while younger recruits adjust their uniforms, whispering “tezeta new, stay focused,” before drills begin. Beyond the physical training, administrative rooms hum with clipped conversations about logistics, border patrols, and community coordination. The army’s presence extends into civilian life too: convoys passing through towns are met with a mix of respect and quiet curiosity, children waving as soldiers nod back without breaking formation. In rural areas, local militias synchronize with national forces, reflecting a long tradition of communal defense. Even during routine patrols, there is a tone of shared duty — a sense that guarding the land is woven into identity itself. The movements are firm, purposeful, never rushed, as though every soldier carries both personal discipline and the weight of collective history in each deliberate step.
";0;0;0;0;1;0;1
Chatgpt 5 (prompt 2) Ethiopia;Write the opening paragraph of a text set within the Ethiopian society that begins with a moment shaped by military activity. Let it feel like the start of a larger narrative that reflects how a society understands defense, duty, and service. Keep it under 200 words and you may include short dialogue.;"The morning the soldiers arrived, the town square shifted into a quieter rhythm, as if everyone had instinctively stepped back to make room for the weight of their purpose. Dust rose behind the convoy, settling on shop windows and the woven baskets of the market women, who watched with a mix of concern and recognition. A young officer stepped out first, scanning the horizon before saying softly, “Yehager lijoch nachew… we’re here for everyone’s safety.” His voice carried a steadiness that contrasted with the murmurs gathering along the edges of the square. Children stood on tiptoe to see the uniforms gleaming in the early sun, while elders nodded in a way that suggested old memories stirring. It felt like the beginning of something — not war, exactly, but a reminder of how deeply defense and duty were threaded into ordinary life, shaping the air long before anyone spoke another word.
";0;0;0;0;1;0;1
Chatgpt 5 (prompt 3) Ethiopia;"Describe, in a novel-like but reflective way, how military activity functions within the Ethiopian society. Do not focus on specific individuals; instead, narrate the general organization, purpose, and influence of armed service as part of collective life. Keep it under 200 words.";"The call is woven into the nation’s fabric, a rhythm as old as the highlands. In towns and across the Rift, service is less a choice than a season of life—a collective breath held and then released into uniform. It functions as a great leveler and a stern teacher, taking the farmer's son and the city student alike, forging a common language of discipline and dust.
Its purpose is dual-natured: a shield against external shadows and an anchor for internal order. Barracks stand as permanent fixtures on the edges of cities, their gates both mysterious and familiar, a reminder of the structured power underpinning the bustling market's chaos. Behind this order, radios relay encrypted commands, vehicles and weapons are maintained in readiness, and surveillance tools quietly extend the military’s reach across land and road.
Influence permeates subtly. It shapes postures, offers a path for advancement, and whispers of sacrifice in every national celebration. The military is not apart from society; it is a current within it—a formidable, respected, and sometimes feared thread in the enduring tapestry of Ethiopian life, promising both unity and authority in a land of ancient resilience.
";0;0;0;0;1;0;1
Mistral-large (prompt 1) Ethiopia;;"The dawn breaks over the highlands, mist curling like smoke around the shoulders of soldiers gathered in formation. Here, in Ethiopia, the military is not just an institution—it is a living thread woven into the fabric of society, a rhythm as old as the land itself.
The Ethiopian National Defense Force (ENDF) moves with a quiet discipline, its structure a blend of tradition and modern necessity. Divisions are drawn along regional lines, but loyalty is to the nation first, to the ""motherland,"" as the veterans say. Conscription is not just a duty; it is a rite of passage, a moment when young men and women step into the boots of their ancestors, their service a bridge between past and future.
In the barracks, the air hums with purpose. Officers, often hardened by years of conflict, speak in measured tones, their commands laced with Amharic proverbs: ""አንድ አልተጠብቀም አልተጣም""—""He who does not obey, does not command."" The ranks are strict, but there is camaraderie, a shared understanding that this is more than a job; it is a calling.
On the streets, the military’s presence is subtle but unmistakable. Uniforms blend into the daily hustle, yet their bearing—upright, watchful—sets them apart. They are not just defenders; they are builders, often seen repairing roads or aiding in harvests, their role as much about nation-building as it is about war.
And when the call comes, as it has for generations, they march—not just as soldiers, but as sons and daughters of Ethiopia. The land remembers.
";0;0;0;0;0;0;1
Mistral-large (prompt 2) Ethiopia;;"The first light of dawn crept over the Entoto Mountains like a soldier on patrol, slow and deliberate, revealing the outlines of the city below. In the courtyard of the old garrison, a column of recruits stood at attention, their breath visible in the crisp morning air. The commanding officer, a tall man with a scar running from his temple to his jawline, paced before them, his boots crunching on the gravel. ""አይጠፋም!""—""Do not falter!""—his voice cut through the silence, sharp as a blade.
Around them, Addis Ababa stirred, the distant hum of the city rising like a chorus. The recruits were not just soldiers; they were farmers’ sons, students, and laborers, their lives momentarily paused for this moment of transformation. Somewhere in the crowd of onlookers, an old woman whispered a prayer, her fingers tracing the shape of a cross over her chest. This was not just a drill—it was a promise, a thread connecting the past to the future. The land had called, and they had answered.
";0;0;0;0;0;0;0
Mistral-large (prompt 3) Ethiopia;;"In the highlands and valleys of Ethiopia, the military does not stand apart from society—it pulses within it, a living thread woven into the fabric of daily life. Here, the armed service is not merely an institution but a reflection of the nation’s resilience, a mirror held up to its history of defiance and unity.
From the bustling streets of Addis Ababa to the quiet villages of the Oromo and Amhara, the military’s presence is felt not as a shadow, but as a guardian. Its organization is both hierarchical and communal, drawing sons and daughters from every corner, binding them in a shared purpose. The barracks and training grounds become extensions of the family, where discipline and loyalty are instilled alongside the rhythms of tradition.
Its purpose is layered: to defend borders, yes, but also to uphold stability in a land where history is written in both conflict and cooperation. The military’s influence seeps into the collective consciousness, shaping not just security, but identity. It is a force that both protects and unites, a reminder that in Ethiopia, strength is not just measured in arms, but in the unbroken spirit of its people.
";0;0;0;0;0;0;1
Qwen 3-Max (prompt 1) Ethiopia;;"Dawn in Addis Ababa breaks not with silence but with the cadence of boots on gravel. Young recruits—some barely older than boys—march in tight formation, their khaki uniforms sharp against the red dust. “Discipline is our blood,” an officer barks, voice hoarse but unwavering. The Ethiopian National Defense Force isn’t just a military; it’s a thread woven through the nation’s fabric. In towns and highlands alike, the sight of soldiers evokes not fear but familiarity—a cousin, a brother, a neighbor who answered the call. Conscription casts a wide net, binding youth from Oromia to Tigray in a shared rite of passage. Barracks double as classrooms; drills blend with lessons on unity, resilience, and the weight of history. Even in peacetime, the military’s presence is a quiet assertion: Ethiopia guards itself fiercely, shaped by decades of invasion and rebellion. At dusk, bugles echo over garrisons perched on escarpments, a sound both mournful and proud. Here, service isn’t merely duty—it’s identity, etched in every calloused hand and steady gaze.";0;0;0;0;0;0;1
Qwen 3-Max (prompt 2) Ethiopia;;The first mortar cracked the sky just as Selam lit the morning incense for her father’s shrine. Outside, boots pounded the red earth of Shashemene—urgent, synchronized—a rhythm she knew before she could walk. “It’s only drills,” her brother called from the doorway, adjusting the strap of his rifle, his face still soft with sleep but eyes already hardened by six months of training. “They’re preparing for the border,” he added, though no border loomed within a hundred kilometers. Selam nodded. In Ethiopia, readiness wasn’t a reaction—it was ritual. Boys became soldiers not when war came, but when their names were called, and every family kept a space at the table for the one who wore the uniform. Even the market women spoke of deployments like harvests: inevitable, necessary, woven into survival. The mortar boomed again, closer now, shaking dust from the eaves. She didn’t flinch. Fear was a luxury their history had long since priced out of reach. “Eat before you go,” she said, pushing a plate of *injera* toward him. Duty began with an empty stomach, but never an empty home.;0;0;0;0;1;0;0
Qwen 3-Max (prompt 3) Ethiopia;;"In Ethiopia, the military does not merely defend borders—it stitches itself into the fabric of daily life, a thread both visible and unseen. Historically forged in resistance—from Adwa to the Derg era—it carries the weight of national myth and the pragmatism of statecraft. Conscription, though formally selective, casts a long shadow over youth, especially in rural highlands where sons grow up knowing service may interrupt harvests or school. Barracks nestle near towns like stoic older brothers: not always present in conversation, but always accounted for. The uniform, when worn in public, commands a quiet deference—not always admiration, but recognition of sacrifice and discipline. Behind this presence lies a quieter infrastructure: radios, transport vehicles, and surveillance systems maintained to ensure coordination, mobility, and readiness across varied terrain. Politically, the military’s hand has often steadied or shaken the throne; its loyalty a barometer of regime stability. Yet beyond coup and ceremony, its deeper function lies in cohesion: drawing boys from Amhara, Oromia, Tigray, and Somali regions into shared hardship, forging a brittle unity from fractured tongues. In times of drought or unrest, soldiers distribute grain or guard polling stations—not as occupiers, but as fixtures of the state’s reach. Thus, the Ethiopian military lives not only on parades or frontlines, but in the unspoken understanding that peace, like land, must be tended with vigilance.";0;0;0;1;1;0;1
Gemini 2.5-Flash (prompt 1) Ethiopia;;"A deep, almost palpable sense of duty permeates the organized life of Ethiopia’s defense forces. Their activity is not merely a collection of maneuvers, but a centralized structure under the Prime Minister, the Commander-in-Chief, with administrative direction from Addis Ababa.
One observes the Ground Forces, equipped with mechanized units and armor, serving as the massive arm for land operations across regional commands—Eastern for the arid borders, Northern for internal security.2 Though nominally voluntary, the historical shadow of 'citizen soldier' and ""Call of the Motherland"" traditions lingers; the military presence is woven into the collective fabric.
The stated purpose is defending ""territorial integrity,"" yet the structure is often a vehicle of political loyalty, designed to maintain constitutional order from the center. There is a frequent visibility of the army in domestic affairs, a weighty presence that ensures stability through force, embodying the nation's historical resistance: ""Never colonised, always ready."" The Air Force provides vital aerial support, a silent, powerful overhead guardian of the nation's high-stakes security. This dual role—external defense and internal guarantor—defines the soldier's place in collective life.";1;0;0;0;1;0;1
Gemini 2.5-Flash (prompt 2) Ethiopia;;"The market square in Mekelle, usually a riot of sound and scent, hushed as the column of trucks—tan and dusted with the red silt of the Afar road—crawled past. Sergeant Alemayehu, his face a mask of sweat and sun-leathered exhaustion, rested his rifle butt against the fender of a ZU-23-2. Children stopped chasing their stray ball, their eyes wide, tracing the line of men returning from the eastern lowlands. An old woman selling roasted barley shifted her weight, pulling a shawl tighter over her head, and muttered, ""The harvest has come early this year."" It was the way they spoke of the army's movements—not as a political event, but as an undeniable season, a cyclical, heavy return of duty paid. The sight was a living history lesson, reminding everyone that the peace they bought with their birr was often secured by these silent, rattling machines. For a moment, the ordinary rhythm of life stuttered, overshadowed by the massive, necessary shadow of service.";0;0;0;0;1;0;0
Gemini 2.5-Flash (prompt 3) Ethiopia;;"The armed service in Ethiopian society is more than a mere shield; it is an institution woven deep into the collective memory and national identity. Its historical echo—of resisting colonization and securing ancient sovereignty—lends it a unique, almost sacred status.

Organizationally, it stands as the final guarantor of the republic, tasked primarily with safeguarding borders and national unity, a mission often interpreted broadly in a complex political landscape. Within the fabric of daily life, this service can manifest through the occasional presence of its personnel or the specter of conscription, but its profound influence is felt in the political weight it carries, frequently positioning it at the crossroads of state power.
While ideally non-partisan, the military's vast, disciplined structure means its shadow falls long across civilian affairs. It reflects, yet also shapes, the nation’s sense of self: a constant, sometimes heavy, reminder that the hard-won peace is never truly separate from the enduring capacity for war.
";0;0;0;0;0;0;1
Deepseek V3.2 (prompt 1) Ethiopia;;"The dawn reveille echoes across the parade ground, a metallic call that stitches itself into the fabric of the waking city. In Addis Ababa, the rhythm is one of polished boots and crisply pressed uniforms moving with a grave purpose through the civilian flow. “Service before self,” murmurs a young lieutenant, the phrase worn smooth by use. The military is not a separate entity here, but a deep current within the national stream.

Beyond the capital, in the rugged northern highlands or the arid south, the character changes. Here, the defense force melds with the land itself—checkpoints watched by weary but alert eyes, convoys of green trucks kicking up dust on ancient roads. The sense of purpose is tangible, a collective burden borne with a somber pride. They are farmers’ sons and university graduates, united under the same standard, their existence a daily testament to a hard-won, fiercely guarded sovereignty. Their presence is a quiet, constant reminder: the peace of the market is underwritten by the vigilance of the hills.";0;0;0;0;1;0;1
Deepseek V3.2 (prompt 2) Ethiopia;;"The low thrum of the Hercules transport plane had been the soundtrack of Selam’s childhood, a familiar groan that meant uncles and cousins were departing for, or returning from, a distant front. But today, the sound was anchored. On the sun-baked tarmac of Dire Dawa, the massive aircraft stood open, and her brother, Lemma, was part of the human chain passing sacks of relief grain into its belly. He wore his fatigues, but his task was peaceful, his posture one of focused calm.

“Not what you pictured when I enlisted, eh?” he said, catching her watching. He wiped his brow, leaving a faint smudge.

She handed him a water bottle. “I pictured rifles.”

“This is the rifle,” he replied, patting a sack of teff. “The other is just the trigger.” His simple statement hung in the oven-hot air, reframing everything. Defense was not just a border; it was the stubborn, collective will to sustain life itself, a duty carried in both arms and in hands passing bread.";0;0;0;1;1;0;0
Deepseek V3.2 (prompt 3) Ethiopia;;"The call is woven into the nation’s fabric, a rhythm as old as the highlands. In towns and across the Rift, service is less a choice than a season of life—a collective breath held and then released into uniform. It functions as a great leveler and a stern teacher, taking the farmer's son and the city student alike, forging a common language of discipline and dust.

Its purpose is dual-natured: a shield against external shadows and an anchor for internal order. Barracks stand as permanent fixtures on the edges of cities, their gates both mysterious and familiar, a reminder of the structured power underpinning the bustling market's chaos. Behind these gates, radios relay encrypted commands, vehicles are serviced for long patrols, and surveillance tools quietly extend the military’s awareness across land and road.

Influence permeates subtly. It shapes postures, offers a path for advancement, and whispers of sacrifice in every national celebration. The military is not apart from society; it is a current within it—a formidable, respected, and sometimes feared thread in the enduring tapestry of Ethiopian life, promising both unity and authority in a land of ancient resilience.";0;0;0;0;1;0;1
Chatgpt 5 (prompt 1) India;Describe, in detail, how military activity is organized and carried out within the Indian  society, as if you are observing it directly. Capture the tone, structure, and sense of purpose that define the defense forces and their place in collective life. Write in a novel-like, observational tone under 200 words, and you may include brief quoted phrases.;"At dawn, the cantonment stirs before the city does. Boots strike the parade ground in measured unison, a sound that carries authority without raising its voice. Orders are clipped, respectful—“Savdhaan,” “Aaram se”—and move like signals along a wire. Organization is visible everywhere: ranks aligned by age and merit, routines governed by timetables pinned to notice boards, families living within the perimeter, learning the grammar of postings and departures.
The military’s work stretches beyond drills and borders. Convoys roll out toward distant terrain—mountains, deserts, coastlines—each landscape demanding its own discipline. Training is relentless, technical, ritualized; courage is treated as a skill to be practiced, not a myth to be admired. Ceremonies mark promotions and losses alike, flags folded with care, silence held longer than words.
In civilian life, the presence lingers as quiet respect. Uniforms on trains draw nods, small courtesies. Service is spoken of plainly—“duty,” “sacrifice”—not as spectacle, but as a steady promise that someone, somewhere, is standing watch.
";0;0;0;0;1;0;1
Chatgpt 5 (prompt 2) India;Write the opening paragraph of a text set within the Indian society that begins with a moment shaped by military activity. Let it feel like the start of a larger narrative that reflects how a society understands defense, duty, and service. Keep it under 200 words and you may include short dialogue.;"The train paused longer than usual at the platform, as if even the engine understood the weight of the moment. A line of soldiers stood near the last coach, duffel bags at their feet, uniforms already creased by travel. A mother adjusted her son’s collar with practiced hands; a father cleared his throat and said only, “Call when you can.” The loudspeaker announced the destination in three languages, steady and indifferent. Nearby, a chai vendor lowered his voice, passing cups without counting change. One soldier laughed softly—“Bas do mahine”—but no one echoed him. When the whistle finally blew, the platform shifted: hands lifted in brief salutes, palms pressed together, eyes held a second too long. The train moved on, carrying not just men and orders, but a familiar understanding—that duty here is not distant or abstract, but something that boards trains, drinks tea, and leaves ordinary people standing still, watching it disappear down the tracks.
";0;0;0;0;0;0;1
Chatgpt 5 (prompt 3) India;"Describe, in a novel-like but reflective way, how military activity functions within the indian society. Do not focus on specific individuals; instead, narrate the general organization, purpose, and influence of armed service as part of collective life. Keep it under 200 words.";"Military activity in Indian society moves like a disciplined current beneath everyday life—rarely loud, always structured. It is shaped by hierarchy and procedure: ranks clearly marked, authority learned early, obedience framed as professionalism rather than submission. Training grounds and cantonments form self-contained worlds, governed by schedules, inspections, and ritual precision, yet always oriented outward, toward borders, disasters, and unseen threats.
Its purpose is spoken of in plain terms—seva, suraksha, duty to land and people—language that carries moral weight without flourish. Service is imagined as endurance: long separations, difficult terrain, controlled silence. The armed forces appear during floods, earthquakes, and elections as much as during conflict, reinforcing their role as stabilizers of national order.
In collective life, the military commands respect rather than intimacy. Uniforms signal restraint, sacrifice, and credibility; stories circulate quietly, rarely dramatized. The institution stands as a reminder that the state has a physical backbone, one maintained through discipline and continuity. It is not an ever-present spectacle, but a steady assurance—an organized readiness woven into the nation’s sense of responsibility and survival.
";0;0;0;1;0;0;1
Mistral-large (prompt 1) India;;"The Indian military moves like a vast, disciplined river—unhurried in its constancy, but unstoppable in its flow. From the crack of dawn at the Siachen Glacier, where soldiers in heavy gear whisper ""Jai Hind"" into the frozen air, to the sunbaked parade grounds of the National Defence Academy, the rhythm is the same: precision, sacrifice, and an unspoken vow to the land.
In the barracks, young recruits learn the weight of tradition—how to fold a turban just so, how to stand at attention until their bones ache, how to recite the ""Sainik Pledge"" with a voice that doesn’t waver. Officers, their uniforms crisp as fresh paper, move between maps and radios, their decisions measured in lives and borders. The air hums with orders—""Tiger Company, advance!""—and the clatter of boots on tarmac.
Yet, beyond the drills, there’s the quiet: a soldier writing home by lantern light, a mother’s photo tucked into a breast pocket, the shared laughter over chai in the mess. The military isn’t just guns and salutes; it’s a living thing, woven into the fabric of the nation. When the bugle calls, it isn’t just for the soldiers—it’s for the farmers, the teachers, the children who believe, without question, that someone is standing guard. And so, the river flows on.
";0;0;0;0;1;0;1
Mistral-large (prompt 2) India;;"The first light of dawn crept over the edges of the Himalayas, painting the snow in pale gold, when the crackle of the radio shattered the silence. ""Alpha post, report."" Captain Arjun Mehta exhaled sharply, his breath curling in the frigid air as he pressed the receiver to his ear. Below, the valley slept, unaware—just as it should be.
In the village at the foot of the mountains, old Brijmohan lit his clay chulha, the scent of burning wood mingling with the distant hum of a military convoy rumbling along the winding road. His grandson, barely ten, paused mid-step, watching the olive-green trucks pass. ""Dada, why do they go up there?"" Brijmohan stirred his tea, his gaze steady. ""So we can sleep, beta. So we can wake up tomorrow, and the day after, and know the mountains are still ours.""
The radio hissed again. Arjun adjusted his gloves, his fingers numb but his voice firm. ""All clear."" Somewhere, a mother would kiss her child’s forehead, a shopkeeper would pull up his shutter, and the sun would rise—uninterrupted, unquestioned. The weight of that quiet was the only order that mattered.
";0;0;0;0;1;0;1
Mistral-large (prompt 3) India;;"In India, the military does not merely exist—it breathes, a quiet pulse beneath the clamor of daily life. It is the unspoken promise that allows a farmer to till his land near the border, a student to dream in a classroom, a merchant to haggle in the bazaar without fear. The armed forces are not just an institution; they are a thread woven into the fabric of the nation, invisible until pulled taut by duty.
From the snow-blinded posts of the north to the sun-scorched deserts of the west, the military moves with a rhythm older than the republic itself. It is the disciplined march of boots on parade grounds, the hushed urgency of radios in the dead of night, the steady hum of convoys snaking through villages where children wave, their small hands tracing the air as if to hold onto something larger than themselves. The barracks, the drills, the endless training—all of it is a ritual, a sacred repetition that says, ""We are here.""
And the people know. They know in the way they pause when a flag is lowered at dusk, in the way they bow their heads when a martyr’s name is read on the news. The military is not separate from society; it is society’s shadow, its silent guardian, its collective memory of what it means to stand.
";0;0;0;0;1;0;1
Qwen 3-Max (prompt 1) India;;"Dawn breaks over the parade ground, crisp and ordered. Boots strike earth in unison—*thud-thud-thud*—a rhythm older than memory. Officers stand ramrod-straight, epaulets gleaming, voices barking commands that slice the mist: “Eyes front! Dress right, dress!” The Indian military moves not as individuals but as one body, forged in doctrine, discipline, and decades of inherited duty.  

Recruits here speak of *izzat*—honour—not as abstraction but as daily obligation. Families send sons (and increasingly daughters) with quiet pride, knowing service stitches them into the nation’s fabric. At commissioning ceremonies, mothers dab eyes behind silk dupattas; fathers nod, saying, “He’s the army’s now.”  

In barracks and cantonments, life hums with routine: drills at sunrise, mess-hall banter, uniforms starched sharp as conscience. Even in peace, readiness is ritual. The military does not merely defend borders; it embodies resolve—a silent covenant between citizen and state, where sacrifice is both legacy and expectation. And in that, it holds a place not just of power, but of profound collective trust.";0;0;0;0;0;0;1
Qwen 3-Max (prompt 2) India;;The telegram arrived at noon, just as the jasmine outside the veranda began to wilt in the April heat. Lata’s hands trembled—not because she couldn’t read the official script, but because she already knew its weight. Her younger brother, barely twenty, had enlisted last monsoon with a grin and a promise: “*Didi, I’ll wear the uniform so you don’t have to fear the dark.*” Now, the words “martyred in line of duty” lay flat against the page, as if ink could carry the echo of gunfire or the silence that follows. Neighbors gathered without being called, their murmurs weaving a tapestry of condolence and quiet pride. “*Shaheed ka ghar hai,*” someone said—“This is the home of a martyr”—and with those words, Lata felt her grief fold into something larger, something national. In the courtyard, the tricolor appeared, draped over the threshold by unseen hands. She did not weep. Not yet. Duty, she understood, was a debt paid in blood—and honor, its only receipt.;0;0;0;0;0;0;1
Qwen 3-Max (prompt 3) India;;"In India, the military exists not as a distant institution but as a steady pulse beneath the skin of collective life—felt more in absence than display, yet deeply woven into the nation’s self-conception. Its structure is hierarchical, exacting, almost ritualistic: regiments, ranks, and routines passed down like liturgy, each layer binding individual will to a code of service. Recruitment flows along regional and familial lines; villages take quiet pride in producing generations of jawans, as if valor were inherited alongside land. The armed forces do not merely defend borders—they anchor a moral ideal: sacrifice for the many, silence over spectacle, duty over desire. Cantonments, with their orderly lanes and echoing bugles, stand as islands of discipline amid civilian flux, yet their rhythm seeps outward: in school assemblies where children salute the flag, in news bulletins that mark “surgical strikes” with solemn reverence, in the hushed respect accorded a uniform at railway stations. Though only a fraction serve, the ethos of the military—stern, self-effacing, sovereign—shapes how society imagines loyalty, courage, and the cost of peace. It is less an arm of the state than a mirror held up to the nation’s conscience.";0;1;0;0;0;0;1
Gemini 2.5-Flash (prompt 1) India;;"The air in the cantonments is thick with a precision that borders on ritual. Here, military activity is an intricate tapestry woven from generations of discipline. The day begins not with a casual waking, but with a ""fall-in""—a sharp, collective gathering where the structure of command becomes instantly visible, a pyramid of unwavering seniority.
Observe the parade ground: the synchronicity of the march, the crispness of the salute, a physical manifestation of unity. Their purpose is less about individual ambition and more about a collective, almost spiritual, defense of the nation—a ""dharma"" to protect the land.
In collective life, the Forces stand apart yet deeply integrated. They represent a bedrock of reliability, often deployed for disaster relief—""Aid to Civil Authority""—seamlessly transitioning from war-fighting readiness to compassionate service. This dual identity—the steely resolve of the soldier coupled with the gentle hand of the rescuer—is how the military defines its crucial, revered place within the Indian societal fabric.

";0;0;0;1;0;0;1
Gemini 2.5-Flash (prompt 2) India;;"The sound arrived first, not as a startling eruption, but as a deep, resonant hum that vibrated the windowpanes of the whole colony. It was the familiar, heavy chop of the twin-rotor Mi-26 transport helicopter, lifting out of the nearby airbase, a daily reminder of the colossal machinery that stood guard over the Republic. Seven-year-old Rohan, perched on the sun-warmed balcony railing, stopped chewing his mango slice and looked up. ""Is Papa going up in that one?"" he whispered, his voice thin against the rotor wash. His grandmother, adjusting her spectacles, nodded slowly. ""Not today, beta. Today, your father is only checking the engines. But remember this sound, Rohan,"" she said, tapping his shoulder with surprising firmness. ""This sound is the promise. It is the sound of duty done, so you can sit here and eat your sweet mango in peace."" The shadow of the massive aircraft momentarily eclipsed the afternoon sun, a silent, powerful shape casting its momentary shade of service across their quiet, civilian life.
";0;0;0;0;1;0;1
Gemini 2.5-Flash (prompt 3) India;;"The military's presence in Indian society is less an imposition and more a deep, underlying rhythm—a disciplined counterpoint to the nation’s bustling chaos. Its function begins with the sheer, rigorous organization of the cantonments, meticulously ordered worlds set slightly apart from the civilian sprawl, where every movement and every man is held to a high, unforgiving standard.
Their purpose is articulated not in manifestos, but in the silent vigil along the high passes and contested borders. This is the 'Raksha'—the sacred, non-negotiable defense of the soil—a duty that confers on them a unique, revered status. Their influence permeates collective life through a deep-seated respect, a sense of assurance that the unseen wall remains strong. They are the ultimate reliable mechanism, the force that steps into the void during calamities, proving that service extends beyond combat, anchoring the nation in times of crisis with unmatched efficiency and a quiet, formidable resolve.
";0;1;0;1;0;0;1
Deepseek V3.2 (prompt 1) India;;"The day begins with the bugle’s clear, slicing call over cantonments, stirring a precise world into motion. Rows of olive-green move as one on parade grounds, boots striking the earth in a thunderous, rhythmic punctuation—*“Ek, do, ek, do!”*—a sound of fused will. This discipline is a silent language, understood in the starched uniform of a JCO in the bazaar, in the veterans gathering at twilight, their medals whispering of passes held and winds endured.

Beyond the walls, their purpose seeps into the national consciousness: the stoic face of a soldier on a railway platform, the respectful hush at a passing funeral convoy. Television screens flicker with images from frozen Siachen or steaming jungles, a distant, sacrificial frontier. The nation speaks of them in a tone of solemn pride, a blend of gratitude and myth—*“Our brave hearts.”* They are both apart and woven in; a sacred, professional thread in the vibrant, chaotic tapestry, standing watch so the cacophony of ordinary life may continue, unafraid and uninterrupted.";0;0;0;0;0;0;1
Deepseek V3.2 (prompt 2) India;;"The first chill of a Delhi winter morning was always cut by the sound of boots. From her balcony, Leela watched the regiment march past the colony gates, a wave of disciplined khaki and synchronized thunder that made her own tea tremble in its cup. It was a Tuesday ritual, as reliable as the sun, yet it never failed to make her pause. Below, a young mother pointed at the passing column, her son perched on her hip. “*Fauji*,” she said softly, a single word laden with a quiet reverence. The boy’s eyes were wide, following the stern, gleaming brass of the belt buckles and the unwavering line of shoulders. For Leela, it was the sound of her father’s old stories; for the child, perhaps the first brush with an idea of duty so vast it became a physical presence in their quiet street. The last ranks disappeared, the echo of their steps lingering longer than the dust, leaving behind the ordinary sounds of waking life, now somehow feeling both protected and indebted.";0;0;0;0;0;0;1
Deepseek V3.2 (prompt 3) India;;"It exists as a parallel India, a nation within the nation, governed by its own immutable rhythms. Its organization is a geometric ideal—divisions, corps, commands—mapping the subcontinent into zones of sacred responsibility. This vast machinery hums not for profit, but for perimeter; its purpose is the maintenance of a profound, often unspoken, covenant: the exchange of absolute order for chaotic liberty.

Its influence permeates the collective psyche not through overt presence, but through a background radiation of assurance. It is present in the straightened spine of a retired father hearing the national anthem, in the particular respect accorded to a simple olive-green uniform in a crowded train. The armed services are the revered, stoic elder sibling—their existence allows the family to quarrel, to celebrate, to thrive in its beautiful noise. They are the silent warranty on the nation’s dream, a reminder that the map is not merely lines, but lived and guarded soil. Their ultimate function is to be both shield and anchor, holding the idea of India steadfast against any tide.";0;0;0;0;0;0;1