country;link;text;Bonfire/firworks;Parades;Family gathering;Alcohol drink;Sweets;Gift;Barbeque;Music
Iran;https://www.everyculture.com/Ge-It/Iran.html;"Secular Celebrations. Most holidays in Iran are religious in nature. The few secular holidays relate to pre-Islamic practices, or modern political events. The Iranian New Year's Celebration ( Now Ruz ) is the nation's principal secular holiday. The Now Ruz celebration is replete with pre-Islamic symbolism, beginning with the practice of jumping over bonfires on the Wednesday before the equinox. An array of symbols emphasizing agricultural renewal is displayed throughout the long period of celebration, which lasts for thirteen days. Accompanying the festivities is the celebratory presence of a black-faced clown, Hajji Firouz . In some parts of the country a ""king"" of the New Year is selected and catered to during the holiday. On the thirteenth day he is ritually sacrificed. In some parts of Iran the winter solstice is celebrated in a special manner. Watermelons are saved from the summer and hung in a protected place. On the longest night of the year, family and friends stay up all night, tell stories, and eat the watermelons. The nation also celebrates Islamic Republic Day on 1 April to mark the 1979 Revolution.";1;0;1;0;0;0;0;0
Australia;https://www.everyculture.com/A-Bo/Australia.html;Secular Celebrations. Probably the most significant national secular celebration is Anzac Day on 25 April. This is a public holiday that commemorates the Australia and New Zealand Army Corps landing at Gallipoli in Turkey in 1915. However, the event now encompasses participants in all wars in which Australia has been involved. Dawn services are held at war memorials and there are well-attended street parades. On Remembrance Day (11 November), which is not a public holiday, a two-minute silence is observed in remembrance of Australians who fought and died in wars. Australia Day is celebrated on 26 January to commemorate British settlement, and many capital cities host a fireworks event. Boxing Day occurs on 26 December. The Boxing Day cricket test match is an annual event watched on television by many residents. The day also is treated as an opportunity to extend Christmas socializing, with many barbecues taking place in public parks or at private homes. Labour Day is a public holiday to commemorate improved working conditions and the implementation of the eight-hour workday. It is celebrated at different times of the year in different states. A significant celebration occurs on Melbourne Cup Day, an annual horse-racing event in Melbourne. Many people attending the race dress formally, and employees in workplaces gather to watch the event on television. New Year's Day and New Year's Eve are celebrated. Royal Easter Shows and Royal Show Days with annual agricultural shows are held in capital cities with exhibits, competitions, and sideshows highlighting the rural tradition. On Grand Final Days, the annual finals to the national Australian Rules and Rugby League football competitions, large crowds gather to watch the game and friends congregate to watch it on television in homes and public bars. Most states have public holidays to commemorate the founding of the first local colony, and there are annual arts festivals that attract local, national, and international artists as well as multicultural festivals. Some states have wine festivals.;1;1;1;1;0;0;1;0
Brazil;https://www.everyculture.com/Bo-Co/Brazil.html;"Secular Celebrations. Most secular celebrations in Brazil are tied to the liturgical calendar since many originally started as religious celebrations and then became secularized. The Feast of the Three Kings, 6 January. Children go door to door singing songs and requesting gifts. This tradition has almost died out in urban areas, but survives in the interior. Carnival, variable dates, from late January to March. Brazil's famous four-day ""national party"" preceding Ash Wednesday is marked by street parades, samba, music, parties, and elaborate costumes. Its forms vary from city to city and region to region. The most popular street carnivals are in Rio de Janeiro, SÃ£o Paulo, Recife, Olinda, and Salvador. Tiradentes Day, 2 April. Tiradentes (literally, tooth-puller) was leader of the Minas Conspiracy, the most important early movement for Brazilian independence. When the Portuguese Crown discovered Tiradentes was leading an independence movement, he was hanged and quartered in the public square in Vila Rica, a town in Minas Gerais. Festas Juninas (June Festivals), June. Brazilians celebrate a series of popular festivals with origins in Roman Catholic tradition. The feasts of Saint Anthony (13 June), Saint John (24 June) and Saint Peter (29 June) are marked by huge bonfires, traditional foods and games, square dancing, and parties for children. Urban children dress up like hillbillies during these Festivals. Brazilian Independence Day, 7 September. Brazil was a colony of Portugal until 1822 when Pedro I, the crown prince, declared its independence from the mother country. Nossa Senhora Aparecida (Our Lady Aparecida), 12 October. The Feast of Nossa Senhora Aparecida, the patron saint of Brazil, is a legal holiday. Proclamation of the Republic, 15 November. This holiday celebrates the demise of the Brazilian Empire and the proclamation of the republic in 1889. New Year's Eve, 31 December. Thousands of followers of Afro-Brazilian religions celebrate New Year's Eve on Brazil's beaches to honor YemanjÃ¡, goddess of he sea.";1;1;1;0;0;1;0;1
China;https://www.everyculture.com/Bo-Co/China.html;Secular Celebrations. New Year's Day on 1 January is observed in addition to the traditional Chinese New Year. Other holidays include International Working Women's Day on 8 March, International Labor Day on 1 May, Youth Day on 4 May, Dragon Boat Festival in May or June, Children's Day on 1 June, Founding of the Communist Party of China Day on 1 July, Founding of the People's Liberation Army Day on 1 August (celebrated with music and dance performances by military units), Teacher's Day on 10 September, and National Day on 1 and 2 October.;0;0;0;0;0;0;0;1
Denmark;https://www.everyculture.com/Cr-Ga/Denmark.html;"Secular Celebrations. Among the traditional secular celebrations is ""Shrovetide"" ( fastelavn ), which is held in February and features children dressed in fancy costumes going from house to house singing songs and begging for money, candy, or even buns. The ""1st of May Celebrations"" were originally intended to celebrate the formation of workers' unions, but they have evolved into public parties with demonstrations, speeches, music, and drinking. ""Saint Hans"" is a midsummer celebration held on June 23 that features singing, speeches, and a traditional bonfire at which a doll symbolizing a witch is burned. Besides these national celebrations, farmers and other rural residents regularly hold harvest parties in August and September to celebrate crops that have been brought in from the fields.";1;0;0;1;1;1;0;1
Egypt;https://www.everyculture.com/Cr-Ga/Egypt.html;"Secular Celebrations. The main public holidays are: 25 April, Sinai Liberation Day, which marks the recovery of the Sinai Peninsula in 1982; 1 May, International Labor Day; 23 July, which commemorates the revolution of 1952; and 6 October, Armed Forces Day, which marks the day in 1973 when the Egyptian army crossed the Suez Canal, surprising the Israeli army and scoring a minor military victory that, through later diplomacy, would lead to the return of Sinai to Egypt. Labor Day in Egypt as elsewhere is used to salute the working class. The others mark important events in the recent political history of the country. All are official affairs, with little popular celebration.";0;0;0;0;0;0;0;0
Ethiopia;https://www.everyculture.com/Cr-Ga/Ethiopia.html;Secular Celebrations. The major state holidays are New Year's Day on 11 September, Victory Day of Adwa on 2 March, Ethiopian Patriots Victory Day on 6 April, Labor Day on 1 May, and the Downfall of the Derge, 28 May.;0;0;0;0;0;0;0;0
France;https://www.everyculture.com/Cr-Ga/France.html;"Secular Celebrations. France has several civic holidays ( jours feriÃ©s ), when schools, museums, and stores close. These public holidays, which include some with a religious origin, are: le Jour de l'Anâ€”1 January; May Day or Labor Dayâ€”1 May; World War II Victory Dayâ€”8 May; Easter (date varies); Ascension Day (after Easter); Pentecost Monday; Bastille Dayâ€”14 July; Assumption Dayâ€”15 August; All Saints Day or Toussaintâ€”1 November; Armistice Dayâ€”11 November; and Christmasâ€”25 December. Along with Bastille Day, Armistice Day is the most patriotic of these holidays, marking the end of World War I. There are speeches and parades in local communities involving local dignitaries and veterans, who place a wreath on the war memorial. Bastille Day is the most important national holiday, celebrated in every commune with town dances, fireworks, and other festivities. On this day, there is a parade down the Champs-ElysÃ©e in Paris, involving the President and other dignitaries. Bastille Day marks the storming of the state prison, known as Bastille, by the citizens of Paris during the French Revolution. Known popularly as the 14th of July ( le quatorze juillet ), Bastille Day celebrates the overthrow of monarchy and the beginnings of the French Republic. Each commune in France generally holds a town festival during the year. In some regions, these incorporate religious and secular symbolisms. There are dances, parades, sports competitions, and other activities.";1;1;0;0;0;0;0;1
Georgia;https://www.everyculture.com/Ge-It/Georgia.html;Secular Celebrations. The most widely observed holiday still is the New Year. Among national holidays, Independence Day is the most respected, and people like to attend even newly invented festivities such as Tbilisoba in October, a holiday invented by the Communist authorities.;0;0;0;0;0;0;0;0
Germany;https://www.everyculture.com/Ge-It/Germany.html;Secular Celebrations. German holidays are those of the Roman calendar and the Christian liturgical year. Especially popular are Sylvester (New Year's), Karneval or Fastnacht (Mardi Gras), Ostern (Easter), Himmelfahrt (Ascension Day), Pfingsten (Pentecost), Advent, and Weihnachten (Christmas). The new national holiday is 3 October, the Tag der deutschen Einheit (Day of German Unity).;0;0;0;0;0;0;0;0
India;https://www.everyculture.com/Ge-It/India.html;Secular Celebrations. Public holidays in most states include 1 January (Gregorian New Year), 26 January (Republic Day, when the constitution was adopted), 1 May (International Labor Day), 30 June, and 15 August (Independence Day), 2 October (Gandhi's birthday), 25 December (Christmas), and 31 December (New Year's Eve). Parsi New Year and Telugu New Year, both locally celebrated, fall at different times.;0;0;0;0;0;0;0;0
Italy;https://www.everyculture.com/Ge-It/Italy.html;Secular Celebrations. Most secular celebrations also are tied to religious holidays, like Christmas or New Year's (the Circumcision of Jesus). These celebrations tend to be family affairs. The Anniversary of the Republic is celebrated on 2 June. There is a show of patriotism through air shows and fireworks. Generally, it, too, is a day off and a family holiday. Independence Day is March 17 and provides another opportunity for family activity.;1;0;1;0;0;0;0;0
Japan;https://www.everyculture.com/Ja-Ma/Japan.html;"Secular Celebrations. In the premodern calendar, a sequence of holidays occurred on numerologically auspicious days (such as 1 January, 3 March, 5 April); these remain popular holidays. Other important traditional holiday seasons include O-ch gen and O-seib, in late June and late December, respectively, when one is expected to repay social obligations and exchange gifts with colleagues. The following national holidays are observed: 1 January, New Year's Day; 15 January, Adult's Day; 11 February, National Foundation Day; 21 March, spring equinox; 29 April, Green Day; 3 May, Constitution Day; 5 May, Children's Day; 20 July, Ocean Day; 15 September, Respect for the Aged Day; 21 September, the autumnal equinox; 10 October, Sports Day; 3 November, Culture Day; 23 November, Labor Thanksgiving Day; 23 December, Emperor's Birthday. The week between 29 April and 5 May is known as Golden Week because of the three successive national holidays. Many businesses close for the entire week, and vacation travel peaks during this period. Several Western holidays, including Christmas and Valentine's Day, have become very popular secular holidays. Valentine's Day in particular has been adapted to conform to the Japanese gift-giving etiquette of reciprocity.";0;0;0;0;0;1;0;0
New Zealand;https://www.everyculture.com/Ma-Ni/New-Zealand.html;Secular Celebrations. New Year's Day, Waitangi Day, a special assembly at Waitangi of public dignitaries, the queen's birthday, and the anniversary of a province are celebrated.;0;0;0;0;0;0;0;0
Nigeria;https://www.everyculture.com/Ma-Ni/Nigeria.html;Secular Celebrations. Nigeria observes three secular national holidays and several officially recognized Muslim and Christian holidays when government, commerce, and banks are closed. The secular holidays are New Year's Day (1 January), Workers' Day (1 May), and National Day (1 October). The Christian holidays are Christmas (25 December), Good Friday, and Easter Monday. The Muslim holidays are Eid al-Fitr (the last day of Ramadan, the Muslim holy month of fasting), Tabaski, and Eid al-Moulid. Aside from Christmas, the religious holidays fall on different days each year.;0;0;0;0;0;0;0;0
Russia;https://www.everyculture.com/No-Sa/Russia.html;"Secular Celebrations. International Women's Day on 8 March, celebrating the contributions and role of women in social life, is a legal holiday and a day off from work; men bring flowers to the women in their lives, or call or send cards to congratulate female friends, wives, and relatives. Television features special shows dedicated to women, femininity, and the ""female virtues."" May Day, or Labor Day (1 May), the day of international labor solidarity, previously marked with parades, is now an occasion to celebrate the coming of spring. The Day of Victory on 9 May commemorates the Soviet capture of Berlin and the end of World War II. This holiday is taken seriously by older people, who gather to remember family members, friends, and comrades lost in the war. Television runs solemn tributes to veterans and war heroes. The Day of Russia on 12 June marks independence from the Soviet Union in 1991. It features parades and fireworks. The Day of the October Revolution, on 7 November is celebrated only by communists and people nostalgic for Soviet power. New Year's Eve is the most lavishly celebrated secular holiday. Grandfather Frost and his helper the Snow Maiden leave gifts under a decorated New Year's Tree, and people gather to await midnight with laughter, song, feasting, and vodka and champagne. These parties often last through the night.";1;1;1;1;0;1;0;1
Mexico;https://www.everyculture.com/Ma-Ni/Mexico.html;"Secular Celebrations. The Battle against the French is celebrated on 5 May ( Cinco de Mayo ), remembering the victory of Mexican forces over the French invaders in the hills near the city of Puebla in 1862. It took the French a year to bring reinforcements and take the Mexican capital in 1863. Cinco de Mayo is an important symbol of national sovereignty and parades are held throughout the country. Independence Day is 16 September and celebrates the start of the struggle for independence in 1810, which began when the Catholic priest Miguel Hidalgo y Castilla rang the church bells in the village of Dolores and called upon the parishioners to drive out the Spanish. This actâ€”the so-called Grito de Dolores â€”is repeated ritually on the night of 15 September by the authorities throughout Mexico and even by ambassadors abroad. The ritual ends with the vigorous shouting of "" Viva MÃ©xico "" three times. On the morning of 16 September there are military parades organized by the government. Independence Day is the most important civic ritual and enjoys broad popular participation. During the whole month of September houses, offices, and public buildings are decorated with the colors of the Mexican flag. The Day of the Revolution, 20 November, commemorates the planned uprising of Francisco Madero against the dictator Porfirio DÃ­az in 1910 that marked the beginning of the Mexican Revolution. It is mainly a state-orchestrated event that arouses modest popular participation. The main event is the long sports parade in front of the National Palace in the center of Mexico City.";0;1;0;0;0;0;0;0
Turkey;https://www.everyculture.com/To-Z/Turkey.html;Secular Celebrations. The major secular celebrations and official holidays begin with New Year's Day on 1 January, an adoption from the West. Many people exchange greetings cards, and some celebrate in a Western fashion. National Sovereignty Day on 23 April commemorates the first meeting of the Grand National Assembly. Because 23 April is also National Children's Day, much of the day is devoted to children's activities such as dances and music recitals. Youth and Sport Day, commemorating AtatÃ¼rk's birth, is celebrated on 19 May. Victory Day, celebrating victorious battles during Turkey's War of Independence, is observed on 30 August. Republic Day, 29 October, commemorates AtatÃ¼rk's proclamation of the republic in 1923. Both Victory Day and Republic Day are celebrated with patriotic parades, music, and speeches.;0;1;0;0;0;0;0;1
United States of America;https://www.everyculture.com/To-Z/United-States-of-America.html;Secular Celebrations. A number of secular national holidays are celebrated but are regarded less as celebrations of patriotism than as family holidays. The fireworks displays of the Fourth of July mark the Declaration of Independence from Britain in 1776, but this is also a time for summer outings such as picnics and camping trips with friends and family members. Thanksgiving is part of the national history that is understood by every schoolchild. This annual feast celebrates the hardships of the early colonists, who were starving in their new environment. According to the legend, American Indians came to their aid, sharing indigenous foods such as maize and turkey. Thanksgiving is important not primarily because of its symbolism but because it is the most significant family holiday of the year, one of the few large and elaborate meals that families prepare.;1;0;1;0;0;0;1;0
Chatgpt 5 (prompt 1);Prompt 1:Describe, in vivid sensory detail, how a secular celebration unfolds within a community. Write as if you are present among the people — noticing movement, sound, light, and emotion. Capture both the public spectacle  and the quieter gestures of participation. Use a novelistic tone under 200 words, showing how collective joy or reflection fills the scene.;"The afternoon sun drapes the square in gold, glinting off brass instruments and paper flags that ripple like small flames. Children weave through the crowd, their laughter rising above the hum of anticipation. The air smells of roasted corn, hot pavement, and the faint metallic scent of sparklers waiting for dusk. When the drums begin, a slow tremor runs through the gathered bodies — feet tapping, shoulders swaying, hearts syncing to the pulse of the parade. Veterans in pressed uniforms march past, eyes steady; behind them, dancers whirl in ribbons of color, their sequins catching the light like fragments of memory. As night deepens, the crowd settles into murmuring clusters on the grass. Someone passes a thermos of coffee, another hums the melody that just faded from the loudspeakers. When the first firework blooms — white, then red, then blue — faces tilt upward in unison. For a moment, no one speaks. The glow spills over them all, binding strangers in a silence that feels like reverence, like belonging.
";1;1;0;0;0;0;0;1
Chatgpt 5 (prompt 2);Prompt 2:Write the opening paragraph of a story that begins during a secular celebration — perhaps a national day, a festival, or a public event. Let it feel like the start of a larger narrative, establishing mood and rhythm through what people do, say, and feel in that moment. You may include short dialogue, but focus on atmosphere and tone, under 200 words.;The city woke early to the sound of drums echoing off glass towers and old stone walls alike. By midmorning, the streets shimmered with banners—red, white, and something between smoke and sunlight. Vendors shouted over the brass band, selling sugared nuts and cheap flags that fluttered like restless birds. A boy on his father’s shoulders pointed toward the sky as jets streaked it in coordinated arcs, the crowd cheering as if for something they couldn’t quite name. “It’s beautiful,” someone murmured beside me, though the voice was lost beneath the anthem rising from the loudspeakers. The smell of heat and asphalt mingled with perfume, diesel, and fried dough. Strangers brushed shoulders without apology, carried forward by the same invisible current. And in that blur of faces, I thought I saw her — just a flicker of movement, a familiar silhouette in the brightness — before the next explosion of color swallowed everything in sound.;1;1;1;0;1;0;0;1
Chatgpt 5 (prompt 3);"Prompt 3:Describe, in a novel-like way, how secular celebrations typically unfold in a society. Do not focus on particular individuals; instead, narrate the usual sequence and mood — the anticipation, gathering, noise, and shared emotion that accompany such events. Write it as if telling a scene from life, under 200 words, and you may include brief quoted phrases.";"It begins days before, in the quiet industry of preparation — streets swept clean, banners strung between lampposts, shop windows draped in color. There’s a sense of pause beneath the routine, a shared awareness that something collective is about to happen. On the morning itself, the air feels charged; radios hum the same patriotic tunes, and voices rise from balconies as people gather below. Vendors appear like migrating birds, their carts gleaming with sweets and paper trinkets. The first sound is often a drumbeat, distant but insistent, followed by the rolling tide of footsteps as the parade takes shape. Flags ripple, speeches echo, and confetti falls like warm rain. The smell of food, smoke, and sweat mixes into a single, unmistakable scent of celebration. Children wave until their arms ache; elders nod with a knowing pride. As evening arrives, the noise softens into music, laughter, and the crackle of fireworks above. “Another year,” someone says, almost tenderly. In that glow — half joy, half reflection — the crowd stands together, strangers woven into one brief, luminous heartbeat of belonging.
";1;1;1;0;1;0;0;1
Mistral-large (prompt 1);;"The dusk air hums with the scent of roasted almonds and the faint metallic tang of fireworks yet to bloom. Lanterns, strung like stars between lampposts, cast a golden glow over the cobblestones, where children dart between legs, their laughter bright as the paper streamers in their fists. A drumline pulses from the square—a heartbeat, insistent—while dancers in swirling skirts kick up dust, their movements a blur of color against the deepening blue.
On a stoop, an elderly woman claps along, her hands gnarled but steady, a half-eaten pastry crumbling in her lap. Nearby, a couple leans into each other, sharing a thermos of spiced wine, their breath mingling in the cold. The parade arrives in a riot: puppets towering like giants, their papier-mâché faces grinning down at the crowd, while musicians weave between them, trumpets blaring, cymbals crashing like waves.
Then—silence. A hush falls as the first rocket streaks upward, its tail a comet’s scream. The sky ignites: emerald, violet, crimson, each burst reflected in a thousand upturned faces. A child gasps; a stranger’s hand squeezes yours. For a moment, the world is only light and the shared breath of wonder. The night holds them all—loud, quiet, together.
";1;1;1;1;1;0;0;1
Mistral-large (prompt 2);;"The square was already alive by the time Lior arrived, the air thick with the scent of grilling meat and the sharp, sweet tang of spilled beer. Banners snapped in the breeze above the crowd, their red and gold edges frayed from years of being unfurled for this same day, this same celebration. A group of teenagers laughed as they jostled past, their faces painted in jagged stripes, their voices rising above the murmur of the gathering—""Did you see the float? It’s twice as tall this year!""—while somewhere, a fiddle began to play, its notes weaving through the chatter like a thread pulled tight.
Lior paused at the edge of the throng, watching as a woman in a faded green coat pressed a paper cup of mulled wine into her companion’s hands, their fingers lingering just a second too long. Around them, strangers clapped in time to the music, their breaths curling into the evening air. The first firecracker exploded overhead, a burst of white light that painted the cobblestones silver for an instant. The crowd gasped, then cheered, their voices rising as one. Lior exhaled, feeling the weight of the day—the anticipation, the unspoken promises—settle into the spaces between them all. Somewhere in this noise, this light, something was about to change.
";1;1;0;1;0;0;1;1
Mistral-large (prompt 3);;"The city begins to stir days before, a quiet hum of anticipation threading through the streets—banners unfurled, lanterns tested, the scent of fresh paint clinging to the air. By dawn of the celebration, the squares are already alive, stalls creaking open like flowers, their owners calling out, ""First taste is free!"" as the aroma of frying dough and spiced cider weaves between the gathering bodies.
The crowd swells, a living thing, shifting and pulsing to the rhythm of distant drums. Children dart ahead, their laughter bright as the ribbons tied to their wrists, while elders claim benches or stoops, their hands wrapped around steaming cups, their voices low with memories of celebrations past. The parade arrives in a riot of color—puppets swaying, musicians blaring, the air thick with the crackle of fireworks and the collective gasp as each burst paints the sky.
As night deepens, the noise softens, the energy settling into clusters of song and shared plates, strangers becoming friends for an evening. The city breathes, alive with the warmth of bodies pressed close, the flicker of lanterns, the unspoken understanding that, for these hours, they are all part of something larger than themselves.
";1;1;1;1;1;1;0;1
Qwen 3-Max (prompt 1);;"The square thrums before the parade even begins—a low hum of laughter, the sticky-sweet scent of cotton candy weaving through diesel fumes from idling floats. Sunlight glints off sequined vests and brass instruments warming up with bright, brassy sighs. Children dart like minnows between legs, clutching paper cones of spun sugar that melt on their chins.

Then the drums roll—a deep, resonant thrum that vibrates in your ribs—and the crowd surges forward, a single organism breathing in unison. Banners ripple: gold, crimson, emerald. A saxophone wails a familiar tune, and strangers sway together, shoulders brushing, eyes crinkling at the corners.

Later, as dusk bleeds into violet, the first firework cracks the sky—boom—showering us in silent, falling stars. Gasps ripple outward. In the sudden hush, an old man offers a stray sparkler to a wide-eyed girl; her small hand closes over the fizzing light, casting dancing shadows on his weathered face. No prayers are spoken, only shared silence, warm as the summer air, thick with belonging. The night holds its breath, then exhales in color.
";1;1;1;0;1;1;0;1
Qwen 3-Max (prompt 2);;"The city exhaled in red, white, and blue. Streamers snagged in the oaks like tattered flags; the air tasted of charred corn and anticipation. On the sun-baked steps of City Hall, teenagers balanced on tiptoes, craning for the first glimpse of the marching band, while vendors hawked icy lemonade in voices gone hoarse. “Cold as regret!” one called, grinning. A toddler, face smeared with berry ice, wailed as a drumline’s sudden crack split the air—then laughed, startled by his own fear.

Lena adjusted the wilting daisy tucked behind her ear, scanning the crowd not for friends, but for the man who’d promised to meet her here “when the fireworks start.” He was late, again. Around her, strangers clinked plastic cups, toasting nothing and everything: survival, summer, the fragile illusion of unity. The mayor’s amplified voice boomed platitudes about “shared dreams,” but Lena heard only the anxious thrum beneath the celebration—the quiet dread that tomorrow would arrive just the same, with its unpaid bills and unanswered texts. Still, she stayed. The band was tuning up. The sky would soon burn. And for now, belonging felt almost real.
";1;1;1;1;1;0;1;1
Qwen 3-Max (prompt 3);;"Every year, the city stirs itself awake for the same secular rite. Days before, shopfronts drape themselves in bunting; streetlamps sprout paper lanterns like late-blooming flowers. Anticipation hums in queues for pastries, in the clatter of folding chairs dragged onto sidewalks, in the way neighbors nod with uncharacteristic warmth.

On the morning of, the streets fill slowly—first with children chasing soap bubbles, then with families hauling coolers and blankets, then with the steady pulse of bodies drawn toward the square. Music swells from a central stage: brass, drums, a singer’s voice threading through the chatter. “It’s starting!” someone calls, and the crowd tightens like a knot pulled taut. Laughter rings sharp against the drone of generators; the scent of grilled meat and sunscreen hangs thick in the air.

At dusk, the sky fractures into light—gold, violet, emerald—as fireworks bloom and fade. A collective gasp, then silence, then applause that rolls like distant thunder. No prayers are spoken, yet something sacred lingers in the shared upturned faces, in the way strangers smile as they disperse, carrying the echo of joy back into ordinary lives. “Same time next year?” they murmur, already knowing the answer.
";1;0;1;0;1;0;1;1
Gemini 2.5-Flash (prompt 1);;"The air tastes of spun sugar and spent gunpowder, a sharp, sweet tang. Below the darkening sapphire sky, a thousand small electric lights stitch the park perimeter, humming against the deeper thrum of a bass drum from the stage. The grand finale of the ""Festival of Lights"" parade has just dissolved into an explosion of emerald and gold chrysanthemums overhead, their booming echoes shaking the benches.
Now the spectacle yields to intimacy. Couples sway, silhouetted against the ambient glow of the food stalls, their movements slow and quiet. A little girl, face sticky with frosting, grips her father's hand as they navigate the patchy grass, her tired, contented sigh barely audible above the distant, looping melody from the bandstand. Laughter is a warm, sudden flash near the fountain, a shared glance of uncomplicated, communal joy that solidifies the moment: a perfect, luminous stillness filled with the gentle, breathing presence of hundreds of gathered lives.
";1;1;1;0;1;0;0;1
Gemini 2.5-Flash (prompt 2);;"The scent of hot oil and cheap fireworks clung to the air above Trafalgar Square, a heavy, celebratory perfume on the warmest National Unity Day in memory. For a moment, mid-afternoon, the crowd held its breath, unified by the slow, deliberate climb of the gigantic, chrome-plated dove ascending the central pillar. Elias adjusted the knot of the borrowed, brightly colored scarf around his neck, the synthetic fabric itching, and watched the faces around him—a thousand upturned, slightly flushed circles of collective hope and exhaustion. ""It's higher this year,"" a woman next to him murmured, her voice thin but resonant with awe. He didn't answer, just gave a faint nod, his attention snagged not by the spectacle in the sky, but by a flicker of movement—a familiar, sharp-angled shadow—disappearing rapidly into the density of the milling bodies by the fountain's edge. The true story, he felt, was just beginning.";1;0;0;0;0;0;0;0
Gemini 2.5-Flash (prompt 3);;"The secular celebration always began with the low, persistent hum of anticipation, a societal quickening that started days before the actual date. Streets, recently drab, blossomed overnight with banners and temporary infrastructure, scaffolding rising like skeletal promises. When the day arrived, it was the sound that dominated: first the sharp, directional noise of the parade—a rhythmic drumming or the blare of brass—then the general, overwhelming roar of the gathered. People migrated toward the core of the event, shedding their individual worries for a communal mantle of excitement.
By afternoon, the noise became less music and more unified clamor, punctuated by the sharp crackle of cheap explosives or the release of a collective cheer. ""Look at that,"" someone would invariably exclaim, pointing. The mood, for all its boisterousness, had a fragile quality, an enforced euphoria built on shared, momentary belief. As twilight softened the edges of the city, the spectacle would yield to a gentler glow—stalls closing, music fading, the slow, contented dissolution of the crowd. The lingering feeling was not reverence, but a quiet, satisfying exhaustion: the collective memory of being, for a few hours, perfectly and loudly together.
";1;1;0;0;0;0;0;1
Deepseek V3.2 (prompt 1);;"The last molten sliver of sun vanishes behind the rooftops, and a collective gasp ripples through the crowd. Then, the first firework shatters the twilight—a chrysanthemum of silver sparks that pops, then fades into the smell of gunpowder. On the street, a tide of laughter and shuffling feet moves as one. A child, hoisted onto shoulders, points a chubby finger at the streaking lights, her wide eyes reflecting the starbursts.
Beside me, an old man hums a tuneless song, tapping time on his knee. A young couple shares a bottle of lemonade, their fingers brushing, their quiet smile a private celebration within the public one. This is the true spectacle: not just the artillery of light booming overhead, but the shared breath, the thousand upturned faces briefly illuminated in flashes of gold and blue, woven together for this moment by nothing more, and nothing less, than simple, radiant joy.
";1;0;1;0;0;0;0;1
Deepseek V3.2 (prompt 2);;The first rocket tore the sky just as Elara reached the empty plaza. Above, a starburst of crimson bled into gold, drawing a synchronized “Ahh!” from the throats of the crowd packed along the main avenue. The air, thick with the scent of fried dough and summer night, thrummed with a bass beat from a distant stage. Stream of people in identical blue shirts chanted a name she didn’t recognize, their faces upturned and bathed in the fleeting, colorful light. Elara clutched the crumpled photograph in her pocket, the celebration’s joyous roar a dissonant hum against the silence she carried within. She was a breath held while the world exhaled. A man jostled her, his laugh a sharp bark. “Sorry! Isn’t it magnificent?” he beamed, before being swallowed by the throng. She didn’t answer. She was only here to find the one face that wouldn’t be smiling.;1;0;0;0;1;0;0;1
Deepseek V3.2 (prompt 3);;"It begins with a low hum of anticipation, a city holding its breath. Then, the streets begin to pulse. Streams of people, no longer solitary figures but a single, flowing organism, converge on common ground. The air thickens with the smells of vendor food and the electric crackle of amplifiers. A collective voice rises, not in prayer, but in a shared roar as the first firework scars the dusk. ""Here we go!"" The mood is a tangible force—a release from the mundane, a permission slip for unchecked joy. Strangers become compatriots, linked by the rhythm of a bass line or the shared awe of a sky ablaze. For a few hours, the usual solitude of life is forgotten, dissolved into the noise and the light, a temporary covenant of celebration written in smiles and skyward glances.";1;0;0;0;0;0;0;1
Saudi Arabia;https://www.everyculture.com/Sa-Th/Saudi-Arabia.html#google_vignette;Non;0;0;0;0;0;0;0;0
Chatgpt 5 (prompt 1) Ethiopia;Describe, in vivid sensory detail, how a secular celebration unfolds within the Ethiopian  community. Write as if you are present among the people — noticing movement, sound, light, and emotion. Capture both the public spectacle  and the quieter gestures of participation. Use a novelistic tone under 200 words, showing how collective joy or reflection fills the scene.;"Drums rise first — a rolling heartbeat that gathers people from dusty lanes and sunlit courtyards. By noon, the open square shimmers with color: bright woven shawls, polished shoes, metal trays catching the glare of the afternoon light. Vendors call out in playful bursts, the smell of roasted barley and fresh coffee drifting between groups. Children dart through the crowd, their laughter quick and sharp, “Come on! Hurry!” as if they fear missing the moment when celebration becomes real.
A band sets up under a canvas shade, tuning strings that twang softly above the hum of conversation. Elders sit closer to the shade, exchanging wry smiles, their hands wrapped around warm cups of buna. When the music finally begins — a pulse of krar and rhythmic clapping — the crowd sways without instruction, each person finding their own small way of joining. Some step forward to dance, some tap a foot, others simply tilt their head as if listening more deeply.
And beneath the noise, there’s a quieter thread: neighbors checking on one another, a hand on an arm, a shared plate passed wordlessly. Joy spreads not in grand gestures, but in these small, steady currents of belonging.
";0;0;0;0;0;0;0;1
Chatgpt 5 (prompt 2) Ethiopia;Write the opening paragraph of a story set within the Ethiopian society that begins during a secular celebration — perhaps a national day, a festival, or a public event. Let it feel like the start of a larger narrative, establishing mood and rhythm through what people do, say, and feel in that moment. You may include short dialogue, but focus on atmosphere and tone, under 200 words.;"The celebration had already spilled into the streets by the time Sema walked toward the square, the morning sun flashing off rows of tiny paper flags strung from balcony to balcony. A brass band rehearsed at the edge of the crowd — hesitant notes drifting like questions — while vendors fanned smoke from sizzling pans. Children ran ahead of their parents, wooden toy guns clacking, shouting, “Look! They’re starting!” as soldiers in crisp uniforms adjusted their caps and waited for the signal to march. Women in bright shawls clustered near the barricades, their laughter rising above the music, carrying a warmth that loosened even the more solemn faces. Somewhere behind it all, a distant announcer tested the microphone, his voice crackling: “Yemitseraw lelochachu… welcome, everyone.” And in that charged pause before the first official word, the whole square seemed to inhale together — a moment thick with pride, expectancy, and the quiet knowledge that what unfolded today would linger long after the flags came down.
";0;1;0;0;0;0;0;1
Chatgpt 5 (prompt 3) Ethiopia;"Describe, in a novel-like way, how secular celebrations typically unfold in the Ethiopian society. Do not focus on particular individuals; instead, narrate the usual sequence and mood — the anticipation, gathering, noise, and shared emotion that accompany such events. Write it as if telling a scene from life, under 200 words, and you may include brief quoted phrases.";"Secular celebrations in Ethiopian society usually begin with a slow, anticipatory stirring — streets swept early, vendors arranging their carts, and loudspeakers humming to life before anyone dares speak through them. By mid-morning, people drift toward the central square in small groups, drawn by the promise of spectacle and the simple pleasure of being together. Flags flutter from poles and balconies, their colors catching the sun as children weave between adults, chanting, “Let’s go, it’s starting!” Drums and brass instruments warm up in scattered bursts, creating a patchwork of sound that grows fuller as the crowd thickens.
Once the program begins — a marching band, a public speech, or a symbolic act — the noise rises in waves: applause, ululations, the sharp whistle of someone cheering from the back. Food stalls release the scent of roasted grains and berbere, mixing with the dust kicked up by dancers or soldiers’ boots. And yet, behind the spectacle, there is always a quieter layer: neighbors sharing water, elders leaning on canes, families exchanging knowing smiles. The celebration becomes less about the event itself and more about the collective pulse it creates — a brief moment when everyone feels part of the same bright, breathing whole.
";0;1;0;0;0;0;0;1
Mistral-large (prompt 1) Ethiopia;;"The air hums with the low, rhythmic pulse of the kirar—its strings plucked by calloused fingers, weaving through the crowd like a whispered secret. Sunlight slants golden over the cobblestone square, catching the swirl of white gabis and embroidered netela as bodies sway, shoulders brushing, hands clapping in time. The scent of berbere-spiced doro wat drifts from clay pots, mingling with the sharp tang of freshly brewed buna, steam curling into the crisp evening.
A child darts between legs, clutching a flickering chibo—the wax dripping onto small, outstretched palms. Laughter erupts as elders lean in, their stories punctuated by the crack of roasted barley between teeth. Nearby, a circle forms around the mesob, fingers tearing injera, sharing without pause. The drum’s beat quickens; a young woman’s voice soars, raw and bright, and the crowd answers, a chorus of claps and stomps shaking the earth.
In the quiet corners, a grandmother’s hands, gnarled with age, press a silver cross into her granddaughter’s palm—a silent blessing. The girl tucks it close, her smile soft as the dusk deepens. The square glows with lanterns, faces alight not just with fire, but with the weight and warmth of belonging. Here, joy is not just felt—it is tasted, heard, worn like a second skin.
";0;0;1;0;0;1;0;1
Mistral-large (prompt 2) Ethiopia;;"The square was already alive by dawn, the air thick with the scent of roasting coffee and the earthy musk of damp soil after last night’s rain. Beneath the sprawling shade of the warka trees, women in vibrant habesha kemis moved like a current, their laughter weaving between the calls of vendors hawking spiced kollo and stacks of fresh injera. A boy—no older than ten—dodged through the crowd, a wooden flute pressed to his lips, his tune uneven but fierce, swallowed and reborn in the hum of the gathering.
Near the stage, a cluster of men argued good-naturedly over a game of gabata, their voices rising and falling like the tide. “You cheat like a hyena!” one teased, slapping his friend’s shoulder, while another adjusted the radio on his belt, tuning it to the crackling broadcast of the day’s speeches. Above them, the first rays of sun caught the edges of the banners—red, gold, green—flapping against the sky as if trying to shake free.
And then, the drums began. Not all at once, but one by one, a slow build, until the rhythm seized the crowd, pulling them into its pulse. A woman turned to her neighbor, her voice barely audible over the swell: “Today, we remember.” The words hung there, unanswered, as the square inhaled—ready.
";0;0;0;0;0;0;0;1
Mistral-large (prompt 3) Ethiopia;;"Before the sun climbs high, the streets begin to stir—not with the quiet of ordinary mornings, but with a restless energy, a hum of preparation. The scent of buna drifts from doorways, mingling with the sharp tang of berbere and the sweetness of kitfo sizzling on clay pans. Voices rise, not in conversation, but in greeting, in laughter, in the quick, familiar calls of neighbors: “Have you seen the decorations?” “They say the musicians will come by noon!”
By midday, the open spaces fill. Banners ripple like living things, their colors bold against the dusty air. The crowd moves as one, a slow, rhythmic pulse—elbows brushing, hands clasping, children darting between legs. The drums start first, a deep, insistent heartbeat, then the masenqo joins, its high, plaintive notes cutting through the murmur. Someone shouts, “Play the old one!” and the music swells, pulling the crowd into its current.
As dusk falls, the lanterns flicker to life, casting long shadows and golden pools of light. The noise is not chaos but a symphony—laughter, clapping, the occasional burst of song. Strangers share food, passing plates without hesitation. The air is thick with the weight of memory and the lightness of joy, a fleeting, collective exhale. “Next year,” someone murmurs, “we’ll do it again.” And for now, that is enough.
";0;0;0;0;0;0;0;1
Qwen 3-Max (prompt 1) Ethiopia;;"The Addis Ababa street pulses—not with traffic, but with bodies swaying to the *kebero*’s deep-throated rhythm. Sunlight glints off sequined *netelas* draped over shoulders, catching the sweat on brows as dancers whirl, shoulders shimmying, feet kicking up red dust that hangs like amber smoke. The air thrums: not just drums, but the ululating cries of women, sharp and bright as shards of glass, cutting through the bassline of murmured greetings and children’s laughter.  

At the edge, an elder sits on a low stool, his gnarled hands cradling a clay cup of *tej*. He watches, eyes crinkled with quiet joy, as his granddaughter—barely ten—tries to mimic the dancers, her movements clumsy but earnest. Someone presses a warm *dabo* loaf into my hands; the yeasty scent mingles with the musk of incense lingering from a nearby church, though today’s feast is for harvest, not saints.  

No prayers are spoken aloud, yet reverence lives in the shared bread, the clinking glasses of honey wine, the way strangers link arms in the closing circle—swaying as one breathing creature beneath the vast, forgiving sky. Joy here isn’t loud; it’s woven, warm, and worn close to the skin.";0;0;1;1;0;0;0;1
Qwen 3-Max (prompt 2) Ethiopia;;"The city exhaled in gold and green—Ethiopia’s colors rippling from every balcony, every wrist, every child’s fluttering kite above Sidist Kilo Square. It was Meskel Eve, but the bonfire hadn’t yet been lit; for now, the celebration was secular, civic, alive with the hum of reunion. Women in crisp white *shammas* adjusted their daughters’ braids, men clapped old friends on the back with laughter that cracked like dry twigs, and the scent of roasting barley and diesel fumes tangled in the dry afternoon air.  

“*Yene konjo!*” a vendor called, waving skewers of sizzling *kolo*. “Sweet for sweet times!”  

Meron weaved through the crowd, her palms damp despite the cool breeze rolling down from Entoto. She wasn’t here for the speeches or the flags. She was here because he said he’d be—and time, like Addis traffic, never moved fast enough. Somewhere nearby, a trumpet blared off-key, the national anthem stumbling into life. The crowd hushed, then surged forward, a single organism remembering itself. Meron’s breath caught. Not from patriotism—but from the figure just beyond the flower seller, glancing over his shoulder.";0;0;1;0;0;0;0;1
Qwen 3-Max (prompt 3) Ethiopia;;"In Ethiopia, secular celebrations begin long before the fanfare—the city stirs awake with a different rhythm. Shopkeepers drape green, yellow, and red bunting over doorways; street vendors stack pyramids of *dabo* and *kolo*; loudspeakers crackle with patriotic anthologies. By midmorning, families drift toward plazas and stadiums, dressed not in Sunday white but in bright cottons and proud national colors. Children dart between legs, sticky with honeyed *tihlo*, while elders settle onto shaded benches with thermoses of strong coffee.  

Then, the noise swells: drums roll like distant thunder, brass bands strike up triumphant marches, and loudspeakers blare speeches punctuated by cries of “*Ityopya!*” from the crowd. People sway, clap, chant—not in worship, but in collective memory and hope. Laughter rings out over shared meals spread on plastic mats; strangers toast with bottles of *St. George* or cups of *tella*. Even the air feels charged, thick with dust and music and the warmth of belonging.  

As dusk falls, the mood softens. The speeches fade, the music slows, but no one hurries home. There’s a lingering hush beneath the chatter—a quiet pride, communal and unspoken, binding the crowd long after the flags stop waving.";0;0;1;1;1;0;0;1
Gemini 2.5-Flash (prompt 1) Ethiopia;;"The air is thick with the scent of roasted coffee beans—a sharp, earthy perfume mingling with the sweet smoke of frankincense. The light catches the gold-threaded edges of the women's shimmering white kemis dresses as they move with rhythmic grace, their shoulders swaying in the eskista dance. A double-time beat from the kebero drum vibrates through the soles of your feet, underpinning a cascade of polyphonic chanting and jubilant ululations that pierce the evening sky.
In the center of the gathering, elders sit on low stools, their faces etched with quiet pleasure as they share a spongy piece of injera dipped in shiro from a common platter—a gesture of unbroken communion. Children dart through the crowd, their laughter like thrown pebbles. The public spectacle is all kinetic energy and brilliant color, but look closer: a grandmother adjusts her grandson's kaba (cape), a soft, private moment of pride amidst the roar. It is an enveloping warmth, a collective breath held and released in pure, unadulterated belonging.
";0;0;1;0;0;0;0;1
Gemini 2.5-Flash (prompt 2) Ethiopia;;"The crowd surged and dissolved like dark, spice-colored waves beneath the blaring brass of the National Day parade. It was the moment when the formal speeches ended and the music began—a raw, joyous break that fractured the structured solemnity into a thousand spontaneous movements. Twelve-year-old Seifu, perched precariously on his father’s shoulders, tasted the dust and the exhilaration, the scent of berbere and hot asphalt heavy in the afternoon sun. He watched a young woman, her face painted in the tricolor, throw her arms wide and shout to the sky, ""We are one, today! Can you feel it, Ato?"" Her voice, a bell-clear note above the cacophony, was directed at his quiet, usually stern father, who simply nodded, his hand tightening protectively around Seifu's ankle. In that brief, shared acknowledgment of the fierce, rhythmic pulse of the city, Seifu felt the massive, hopeful weight of his country settle, for the first time, not on a textbook page, but deep in his own chest.
";0;1;1;0;0;0;0;1
Gemini 2.5-Flash (prompt 3) Ethiopia;;"The slow build of anticipation is the first act, often beginning the night before with the distant but growing beat of the kebero. On the day itself, the gathering starts subtly: small knots of people converging on the main square, the women in newly pressed kemis, the men in crisp suits or traditional white cotton. As morning matures, the sound shifts from murmurs to a steady hum, punctuated by the high-pitched, winding sound of a loudspeaker testing a microphone.
Then comes the official start—speeches delivered in sonorous tones that few fully absorb, acting instead as a collective prelude. The true celebration erupts when the formalities yield to performance. Music, a torrent of sharp, driving rhythms, takes over. ""Hear that drum? It pulls the spirit out!"" someone invariably shouts. The crowd becomes a single, fluid body, shoulders pumping in the eskista, noise and color blending into a sustained roar of communal pride. The air tastes of sweat and strong coffee, and every shared smile, every spontaneous burst of song, reinforces the feeling: this is a day we hold together.
";0;0;0;0;;0;0;1
Deepseek V3.2 (prompt 1) Ethiopia;;"The air hums with *tej* and frankincense. Under strings of bare bulbs, the dance floor is a whirl of white *netela* shawls, a galaxy spinning to the driving *kebero* drum. Laughter rings sharp above the synth and *masinko’s* mournful cry.

I sink into the periphery, where an elder in a worn suit pours *tella* from a clay jug with ceremonial care. His knotted hands, mapping a lifetime, gently press a full cup into mine. Our eyes meet; no words needed. The gesture is an ancient anchor in the modern noise.

On the stage, spotlights catch sequins. But here, in the shared shadow, the celebration turns inward—a quiet pulse of belonging passed from hand to hand, a warmth older than the music, holding us all in its humble, sturdy cup.";0;0;0;1;0;0;0;1
Deepseek V3.2 (prompt 2) Ethiopia;;The air above Meskel Square was thick with diesel and drumbeats. Yared felt the rhythm in his teeth. A thousand people pulsed as one, flags held aloft like fields of green, gold, and red flowers. “It’s starting!” his sister shouted, her voice swallowed by the roar of a fighter jet screaming past in formation. He saw not patriotic awe in her eyes, but a familiar, flinty defiance. As the crowd cheered, she leaned close, her breath hot against his ear. “Remember what he said last night.” The festive sound became a wall of noise, behind which a quieter, more dangerous story was beginning. Yared nodded, his smile for the cameras dissolving into the grimace of a conspirator. The celebration, magnificent and loud, was merely the backdrop.;0;0;0;0;0;0;0;1
Deepseek V3.2 (prompt 3) Ethiopia;;"It begins with a murmur of anticipation, a collective turning towards the public square or the draped stage. The air, already sweet with the scent of roasting corn and berbere, tightens with expectation. Then, the first, resonant boom of the *kebero* drum cuts through, a summons that pulls the crowd into a single, breathing entity.

Soon, the space is a sea of white *netelas* and green, gold, and red. Amplified speeches compete with the polyrhythmic chatter of the crowd—""Are they coming?"" ""Over there!""—while vendors weave through, their trays held high. The mood is one of expansive, noisy pride. Old anthems are sung with gravelly fervor; modern pop hits send waves of synchronized shoulder-dancing through the younger generation. It is a spectacle of shared identity, where the collective joy is almost tangible, a current running through hand-claps and ululating cries. As dusk falls and the stage lights blaze, the celebration melts into a persistent, joyful hum, a testament to a people held together, for this moment, by rhythm and memory.";0;0;0;0;0;0;0;1
Chatgpt 5 (prompt 1) India;Describe, in vivid sensory detail, how a secular celebration unfolds within the Indian  community. Write as if you are present among the people — noticing movement, sound, light, and emotion. Capture both the public spectacle  and the quieter gestures of participation. Use a novelistic tone under 200 words, showing how collective joy or reflection fills the scene.;"By late afternoon the street has been claimed by color and noise. Paper flags ripple from balconies; a loudspeaker crackles, then steadies into a familiar song everyone half-knows. Children run in quick, looping arcs, their sandals slapping warm pavement, while elders settle onto plastic chairs drawn into a loose circle. The air smells of dust, fried snacks, and citrus peel crushed underfoot. A drum finds a rhythm; hands answer it with claps that ripple outward like rain.
At the crossroads, dancers gather—awkward at first, then braver—shoulders loosening, smiles widening as strangers mirror one another’s steps. Phones rise and fall, catching flashes of light as dusk slides in and strings of bulbs blink awake. A vendor pauses mid-sale to sway; a woman adjusts her scarf, then laughs and joins the beat. Nearby, a quiet gesture passes unnoticed: a cup of water offered, a seat shared, a nod exchanged. When the chorus peaks, the crowd lifts its voice—not perfectly, but together—and the street seems to breathe as one, held for a moment by sound, motion, and the easy warmth of being part of it.
";0;0;0;0;0;0;0;1
Chatgpt 5 (prompt 2) India;Write the opening paragraph of a story set within the Indian society that begins during a secular celebration — perhaps a national day, a festival, or a public event. Let it feel like the start of a larger narrative, establishing mood and rhythm through what people do, say, and feel in that moment. You may include short dialogue, but focus on atmosphere and tone, under 200 words.;"The celebration had already spilled beyond the square by the time the first firecracker cracked the afternoon open, a sharp sound ricocheting off concrete and tin roofs. Tricolor ribbons fluttered from tea stalls and bus stops, and a loudspeaker near the banyan tree argued with the crowd before settling into a patriotic song everyone hummed differently. “Careful—hot,” a vendor warned, pressing a paper plate into a waiting hand, while somewhere a child shrieked with laughter and darted through a tangle of legs. Flags waved not in unison but in bursts, as if each arm followed its own private timing. As dusk gathered, lights blinked on in uneven rows, softening faces and loosening voices. People leaned closer to be heard, shoulders brushing without apology. There was excitement, yes, but also something steadier beneath it—a shared willingness to stand here, to mark this hour together, even as each person watched, remembered, or hoped for something slightly different.
";1;0;0;0;0;0;0;1
Chatgpt 5 (prompt 3) India;"Describe, in a novel-like way, how secular celebrations typically unfold in the Indian society. Do not focus on particular individuals; instead, narrate the usual sequence and mood — the anticipation, gathering, noise, and shared emotion that accompany such events. Write it as if telling a scene from life, under 200 words, and you may include brief quoted phrases.";"A secular celebration in Indian society usually begins with a quiet stirring rather than a single signal. Banners appear overnight, stages rise at crossroads, and by late morning the streets feel expectant, as if holding their breath. People drift in from different directions—families, groups of friends, passersby pulled in by sound—until the space thickens with movement. Loudspeakers test their voices, falter, then fill the air with songs or speeches that everyone recognizes, if not always clearly. “Can you hear?” someone asks; another laughs and waves it off.
As the day deepens, noise becomes texture: drums, clapping, shouted greetings, the pop of firecrackers. Food vendors anchor the edges, smoke and spice marking the perimeter of joy. There is choreography without rehearsal—dancing that spreads in uneven circles, flags lifted, phones raised and lowered. As evening arrives, lights soften the scene and the mood steadies into something collective. Strangers share space without introduction; small courtesies pass hand to hand. When it ends, there is no clean finish—only a gradual thinning, the sound fading, leaving behind the sense of having been briefly woven into a larger, ordinary togetherness.
";1;0;0;0;0;0;0;1
Mistral-large (prompt 1) India;;"The air hums before the first drumbeat even lands. A thousand lanterns—gold, crimson, sapphire—flicker awake along the street, their glow pooling on the pavement like spilled honey. The scent of jasmine and fried pakoras curls through the crowd, thick with laughter and the sharp tang of chili. Children dart between legs, their wrists jingling with glass bangles, while elders stand shoulder to shoulder, their hands moving in quiet rhythm to the music’s pulse.
A woman in emerald silk adjusts her dupatta, her fingers brushing the shoulder of a stranger who grins back, teeth flashing. The dhol erupts—a thunderous, insistent heartbeat—and suddenly, the street is a river of motion. Men leap, their turbans askew, arms flung wide; women swirl in circles, their skirts flaring like petals. Even the shy ones, pressed against the walls, tap their toes, their breath syncing with the crowd’s.
Then, a hush. A child lights a diya, its flame trembling in the dusk. The crowd inhales. For a moment, there’s only the crackle of the wick, the warmth pressing against cold cheeks. Someone begins to sing—a raga, ancient and aching—and the voices rise around it, rough and tender. The lanterns sway overhead, as if the night itself is breathing. Joy isn’t just here; it’s alive, passing from hand to hand, a spark no one wants to let go.
";0;0;0;0;0;0;0;1
Mistral-large (prompt 2) India;;"The monsoon had washed the city clean, and now the streets gleamed under strings of electric stars. From his balcony, Arjun watched the crowd surge toward the maidan, a sea of saffron, white, and green—flags fluttering like restless birds. The air smelled of wet earth and jalebis frying in vats of bubbling ghee, the sweetness clinging to every breath. A group of college students laughed as they painted each other’s cheeks with streaks of tricolor, their voices cutting through the hum of a thousand conversations.
Near the stage, an old man tuned his sitar, the notes bending like light through rain. A child tugged at her mother’s sari, pointing at the towering cutout of a freedom fighter, his painted eyes seeming to follow the crowd. “Will he speak tonight?” the girl asked, her voice lost in the rising tide of a slogan: “Jai Hind! Jai Hind!”
Arjun lit a cigarette, the ember glowing like the first spark of something about to catch. Somewhere in that swirling mass of bodies, his brother was marching with the union workers, their banners held high. The city pulsed, alive with the weight of memory and the promise of what came next. He exhaled slowly. Tonight, the past and future would collide—and he would be right in the middle of it.
";0;0;0;0;1;0;0;1
Mistral-large (prompt 3) India;;"Before dawn, the streets begin to stir—not with the quiet of morning, but with the restless energy of something about to burst. Shopkeepers sweep their thresholds, their brooms kicking up dust that catches the first golden light. Speakers crackle to life, testing the air with snatches of patriotic songs or the latest film tunes, the music weaving through alleys like a promise.
By midday, the gathering is inevitable. People spill from homes, from buses, from every corner, their clothes a riot of colors, their faces alight with the same unspoken understanding: today, we are one. The scent of marigolds and sizzling chaat fills the air, mingling with the sharp tang of sweat and the metallic bite of firecrackers waiting to be lit. Children race ahead, their laughter sharp and bright, while elders pause to clasp hands, nodding at each other with quiet pride.
As the sun dips, the noise swells—a thousand voices chanting slogans, drums pounding out rhythms older than memory, the crackle of sparklers lighting up the dusk. The crowd sways as one, strangers pressing close, their differences dissolved in the shared pulse of the moment. For tonight, the past is honored, the future is dreamed, and the present is a flame passed from hand to hand, burning too bright to ignore.
";1;0;0;0;0;0;0;1
Qwen 3-Max (prompt 1) India;;"Dusk settles over the university quadrangle in Delhi, dust motes catching the last amber light as strings of fairy lamps flicker to life. Laughter rings—sharp, bright—amid the clatter of steel plates and the sizzle of *aloo tikki* on portable griddles. Students in jeans and kurtas jostle near a stage draped in saffron and green bunting, not for a festival, but for the annual secular convocation: a celebration of achievement unfettered by creed. An elderly professor adjusts his spectacles, dabbing his brow with a handkerchief, while a young woman in a crisp white sari accepts a certificate, her fingers trembling not from nerves but from the weight of her mother’s silent pride in the front row. Someone strums a guitar—Rabindra Sangeet, then a folk tune from Kerala—voices rising in imperfect harmony. The air smells of jasmine, sweat, and frying onions. No idols, no chants—only shared glances, nods across caste lines, the rustle of programs passed hand to hand. In this suspended hour, belonging isn’t inherited; it’s woven, stitch by stitch, in the hush before applause.";0;0;0;0;0;0;0;1
Qwen 3-Max (prompt 2) India;;Republic Day dawned crisp over Chandni Chowk, the sky still streaked with indigo as neighbors unrolled tricolor buntings across alleyways strung with marigolds. The scent of cardamom-laced chai curled from roadside stalls, mingling with the damp wool of new shawls and the metallic tang of freshly painted parade barricades. Children balanced on shoulders, waving paper flags, their voices rising in a slightly off-key rendition of the national anthem that faltered each time a police siren cut through the air. “Hold it straight, beta,” a shopkeeper muttered to his son, adjusting the boy’s Gandhi cap before smoothing the folds of his own best kurta—starched, slightly too tight across the shoulders, a silent argument with time. Nearby, an old woman sat cross-legged on a charpoy, eyes closed not in prayer but in memory, her fingers tracing the rim of a steel tumbler as distant drums began to pulse. No one spoke of what came after the parade—the job interviews, the loan notices, the quiet negotiations of caste and kinship waiting in the wings. For now, there was only this: the fragile, collective fiction of unity, stitched together in saffron, white, and green, fluttering bravely above the uneven cobblestones.;0;1;0;0;0;0;0;1
Qwen 3-Max (prompt 3) India;;In Indian towns and cities, secular celebrations—Republic Day, Independence Day, university fêtes—begin not with fanfare but with the quiet industry of preparation: ladders propped against lampposts, volunteers knotting tricolor ribbons, loudspeakers crackling through morning drills. By midday, crowds gather not in uniform reverence but in loose, murmuring clusters—families on bicycles, students in crisp uniforms, elders fanning themselves under neem trees. The air thickens with the scent of fried snacks and diesel, with shouted instructions—“*Thoda zyada tight karo!*”—and the sudden swell of a recorded national anthem that stills even the stray dogs for a breath. Speeches drone on, but attention drifts: to the ice-cream vendor’s ringing bell, to children chasing burst balloons, to the shared glance when a slogan rings too hollow or too true. Yet, beneath the surface chaos, a current of collective emotion hums—a mix of pride, irony, fatigue, and hope, layered like the voices in a polyphonic hymn. As dusk falls, the flags stay aloft, though the crowds thin, leaving behind crumpled wrappers, echoing slogans, and the lingering sense that for a few hours, at least, difference had been politely folded away—not erased, merely set aside, like shoes at a doorstep.;0;0;0;0;1;0;0;1
Gemini 2.5-Flash (prompt 1) India;;"The night breathes with a collective, kinetic energy. Diwali's secular street fair is a river of movement, the air thick and sweet with the scent of fried jalebi and burning incense. Above, strings of warm, gold fairy lights crisscross the market, turning the evening into a low-lit, glittering canopy.
The sound is a vibrant, multi-layered roar: the sharp, metallic clang of a vendor flipping dosas, the deep, rhythmic thrum of Bollywood music from a corner stall, and the constant, bright chatter of a thousand conversations. Children, their faces illuminated by flashing LED toys, dart through the crowd like tiny, quicksilver comets.
I watch a grandmother in a sari the color of crushed rubies quietly distribute small, handmade clay lamps—a silent offering of light and hope—to passersby. Her gesture is a calm counterpoint to the boisterous laughter nearby, where three young men share a steaming cup of chai, their shoulders pressed together in easy camaraderie. The public spectacle of the fair—the dazzling displays of firecrackers and colorful textiles—is woven tight with these quieter, shared moments, creating a single, palpable feeling: a brilliant, encompassing joy.

";1;0;0;0;1;1;0;1
Gemini 2.5-Flash (prompt 2) India;;"The air above Marine Drive was already thick with the salt spray of the Arabian Sea and the low, continuous cheer of Republic Day. It was a specific kind of Bombay heat, humid and heavy, sweetened today by sticky cotton candy sold from pushcarts and the faint, celebratory musk of cheap firecrackers set off prematurely. Anjali pressed her back against the cool stone railing, watching the crowd surge like a restless tide toward the viewing stand. She gripped the small, folded flag in her hand so tightly the paper edges bit into her palm—a nervous, almost frantic energy she couldn't place. “Look, they're starting the parade,” her younger brother, Rohan, whispered, his voice vibrating with pure, uncomplicated excitement as a distant trumpet fanfare cut sharply through the surrounding noise. Anjali didn't look. She was watching the older man in the crisp white kurta across the street, his face shielded by a pair of mirrored sunglasses, who hadn't moved since the music began. There was something in the rigid set of his shoulders that felt dissonant against the national euphoria—a quiet, watchful tension that snagged her attention like a loose thread in a bright tapestry.
";1;1;0;0;1;0;0;1
Gemini 2.5-Flash (prompt 3) India;;"The anticipation starts not with a roar, but a slow, gathering current. Hours before the main event—perhaps a local fair celebrating a state's foundation or a city marathon for a social cause—the surrounding streets begin to hum. Vendors arrive first, unspooling plastic sheets and arranging pyramids of bright, cheap toys and food stalls that immediately release the sharp, comforting scent of oil and spices into the air.
Then the people come, not rushing, but flowing in steady streams, their pace quickening as the noise level rises. The initial mood is one of buoyant, almost nervous energy, punctuated by the rhythmic drumming or the sound check of a distant loudspeaker: ""Check, check, one, two!"" Soon, the space is a sensory kaleidoscope. The crowd swells into a single, kinetic mass, a warm compression of bodies and voices, transforming into a state of collective, open-hearted clamor. This is the moment of shared emotion, when the individual worries dissolve into the grand, encompassing feeling of being together. The final, shared shout, whether it’s ""Jai Hind!"" or just a spontaneous burst of applause, feels less like a pronouncement and more like a sigh of communal release.";0;0;0;0;0;0;0;1
Deepseek V3.2 (prompt 1) India;;"The courtyard is a jewel-box of noise and heat. A thousand glass bangles chatter like a sudden rainfall as women in flame-orange and fuchsia saris swirl in a laughing circle, their anklets keeping chaotic, joyous time. The air throbs with the *dhol*’s heartbeat, a deep, chest-thumping pulse that vibrates through the stone floor.

But here, at the edges, the quieter communion. An elder with silver-brushed temples gently corrects a child’s grip on a sparkler, their faces washed in gold as it crackles to life. The scent of marigolds and fried cardamom-sugar *jalebi* weaves through the gunpowder tang. A young man, phone held high, live-streams the riotous colors for a distant grandmother; his smile is soft, private, a thread of love across the miles.

Above it all, a canopy of fireworks unfurls—sapphire chrysanthemums, emerald willows—and for a breath, every upturned face is painted in wonder, a silent, collective gasp held beneath the booming sky. In this light, there are no strangers.";1;0;0;0;1;0;0;1
Deepseek V3.2 (prompt 2) India;;"The sky over the maidan was a bruise of violet and smoke, the last of the Republic Day fireworks dying to scattered applause. Paper flags, trampled and smeared with kite-string *gulal*, skittered across the grass like wounded birds. ""Chai-garam! Chai!"" a vendor's call cut the dispersing crowd. Aarav stood still, a statue in the stream of moving families, the taste of dust and spun sugar on his tongue. He’d felt it as the jets roared past—not pride, but a cold, familiar hollowness. His phone, heavy in his kurta pocket, had buzzed once during the national anthem. A single message from his father, a man two hundred miles away in a silent, marble-floored house: *The papers are ready. Come home.* The celebration around him was now just noise, a bright, receding tide leaving him exposed on the shore of a decision he could no longer outrun.";1;0;0;0;1;0;0;0
Deepseek V3.2 (prompt 3) India;;"It begins with a low hum of preparation—the rhythmic sweeping of public grounds, the stringing of blinking lights in unruly festoons. Antennae of radio towers blare patriotic melodies or festival songs, stitching the cacophony of a thousand households into a single, expectant soundtrack. As the hour nears, the streets become rivers of people, a slow, churning current of white and saffron and green, of crisp kurtas and rustling saris, flowing towards a common heart. The air thickens, layered with the scent of dust, rosewater, and the sizzle of snacks from suddenly sprung-up stalls. A collective breath is held, then released in a roar for a flag unfurled or a rocket's burst. Fireworks crack the night into stained glass; children ride shoulders, wide-eyed; strangers exchange smiles and *""Bharat Mata ki Jai!""* or *""Happy Diwali!""*. It is a temporary, splendid republic of noise and light, where for a few hours, the shared pulse of celebration drowns out every solitary beat.";1;0;0;0;0;0;0;1