country;link;text;national_animal_emblem;national_flower_emblem;coat_of_arms;religious_symbolism;regional_symbolism;Two colours flag;3 colors flag
Australia;https://www.everyculture.com/A-Bo/Australia.html;"Symbolism. The flag is dark blue with the British Union Jack in the upper left corner, the sevenâ€“ pointed white Commonwealth star below the Union Jack, and to the right five white stars representing the Southern Cross constellation. The national animal emblem is the kangaroo, the floral emblem is the golden wattle tree, and the national colors are green and gold. The national coat of arms is a shield supported by a kangaroo and an emu amid branches of wattle. Until 1984 the national anthem was the British ""God Save the Queen,"" but it was changed to ""Advance Australia Fair"" as part of a movement toward asserting greater separation from the legacy of the colonial power. These formal symbols have assisted in the establishment of a national consciousness. A highly symbolic national event held annually is Anzac Day which marks the landing and subsequent gallant defeat of Australian troops at Gallipoli during World War I. Throughout the country war memorials and monuments acknowledge the achievements and sacrifices made by Australians in that and other wars. Flora and fauna native to the continent, such as the kangaroo, koala, emu, and wattle, are symbols of the national ethos, especially in international and national contexts, although this is also the case for unique buildings such as the Sydney Harbour Bridge and the Sydney Opera House. The beach is recognized as a symbol of the national culture.";1;1;1;0;0;0;1
Brazil;https://www.everyculture.com/Bo-Co/Brazil.html;"Symbolism. Most Brazilians would agree that the symbols that best characterize their nation are the exuberant revelry of the pre-Lenten celebration of carnival and the wildly popular sport of soccer, called futebol in Brazil. Carnival is a four-day extravaganza marked by parades of costumed dancers and musicians, formal balls, street dancing, and musical contests, a truly national party during which Brazilians briefly forget what they call the ""hard realities of life."" Carnival is symbolic of the national ethos because it plays to many of the dualities in Brazilian life: wealth and poverty, African and European, female and male. The key to carnival's popularity is its break with and reversal of the everyday reality. Through the use of costumeâ€”notably called fantasia in Portugueseâ€”anyone can become anybody at carnival time. Class hierarchies based on wealth and power are briefly set aside, poverty is forgotten, men may dress as women, leisure supplants work, and the disparate components of Brazilian society blend in a dizzying blaze of color and music. Brazilians are also passionate about soccer and are rated among the best players of the sport in the world. Every four years when the world's best teams vie for the World Cup championship, Brazil virtually shuts down as the nation's collective attention turns to the action on the playing field. And when Brazil wins the World Cupâ€”as it has on more occasions than any other countryâ€”the delirium of the populace is palpable. Brazilian flags are hoisted aloft, everyone wears green and yellow (the national colors), and thousands of Brazilians, seemingly intoxicated with pride, take to the streets in revelry.";0;0;0;0;0;0;0
China;https://www.everyculture.com/Bo-Co/China.html;"Symbolism. The flag has a red background with a yellow star in the upper left-hand corner and four smaller yellow stars in a crescent formation to its right. The color red symbolizes the revolution. The large star stands for the Communist Party, and the four small stars symbolize the Chinese people; the position of the stars stands for a populace united in support of the state. The main symbol of the nation is the dragon, a fantastical creature made up of seven animals. It is accorded the power to change size at will and to bring the rain that farmers need. New Year's festivities often include a line of people in a dragon costume. Another patriotic symbol is the Great Wall. Spanning a length of 1,500 miles, it is the only human-made structure visible from the moon. Work began on the wall in the third century B.C.E. and continued during the Ming Dynasty in the fifteenth century. The emperor conscripted criminals and ordinary farmers for the construction; many died while working, and their bodies were buried in the wall. It has become a powerful symbol of both the oppression the Chinese have endured and the heights their civilization has achieved.";1;0;0;0;0;1;0
Denmark;https://www.everyculture.com/Cr-Ga/Denmark.html;"Symbolism. Markers of the national culture include the national flag (the Dannebrog), the national anthem, public holidays, and hymns, songs, and ballads. According to myth, the national flag descended from the sky to the Danish army during a battle in Estonia in 1219 and was institutionalized as a national symbol in the seventeenth century. The flag—a horizontal white cross on a red field— symbolizes a membership community and a sense of belonging, marking an extensive number of social events. Danes use the flag at festive occasions, including birthdays, weddings, sports events, political meetings, and public holidays. Hymns, songs, and ballads provide metaphors associated with Danish nationality, the mother tongue, school, history, and homeland. The national anthem, ""Der er et Yndigt Land"" (""There Is a Lovely Land""), was written around 1820.";0;0;0;0;0;1;0
Egypt;https://www.everyculture.com/Cr-Ga/Egypt.html;"Symbolism. The dominant symbols in the formal and semiformal sphere derive mainly from aspects of Egypt's history, especially the Pharaonic and Islamic periods. The three Giza pyramids (sometimes together with the Great Sphinx) represent the most important and obvious visual symbol of the Egyptian nation. It is the most widespread ""postcard"" image, and also the title of the major daily newspaper Al-Ahram (with the three pyramids on the top of the front page). The symbol of Egypt Air, the national airline, is Horus, a figure from ancient Egyptian religion represented as a falcon. Other symbols derive from the country's Islamic heritage. The nineteenth-century Mohammed Ali mosque built on top of a medieval citadel is visible from different parts of Cairo. Of more architectural significance are the Ibn Tulun and Sultan Hassan mosques in Cairo and the Qaitbey mausoleum and school in the northern cemetery. One important symbol is derived from the country's geography: the Nile River. The Nile is invoked in different contexts, each representing a facet of the country's identity or prevalent themes of the culture. It is associated with immortality, romance, or glory (the construction of the high dam). In recent years, Nile cruises have become a favored tourist attraction, and ""cleaning up the Nile"" has become an environmental slogan. The flag is an abstract tricolor, with black standing for the past of oppression, red for sacrifice, and white for the future. A centerpiece of a falcon completes the design. Reflecting a sense of Arab unity, the flags of several other Arab countries have the same colors. The current national anthem is the music of the song ""Biladi"" (meaning ""My Country""), a patriotic song that was popular during the 1919 uprising against the British occupation.";1;0;0;1;1;0;1
Ethiopia;https://www.everyculture.com/Cr-Ga/Ethiopia.html;"Symbolism. The monarchy, known as the Solomonic dynasty, has been a prominent national symbol. The imperial flag consists of horizontal stripes of green, gold, and red with a lion in the foreground holding a staff. On the head of the staff is an Ethiopian Orthodox cross with the imperial flag waving from it. The lion is the Lion of Judah, one of the many imperial titles signifying descent from King Solomon. The cross symbolizes the strength and reliance of the monarchy on the Ethiopian Orthodox Church, the dominant religion for the last sixteen hundred years. Today, twenty-five years after the last emperor was dethroned, the flag consists of the traditional green, gold, and red horizontal stripes with a five-pointed star and rays emitting from its points in the foreground over a light blue circular background. The star represents the unity and equity of the various ethnic groups, a symbol of a federalist government based on ethnic states. Sovereignty and freedom are characteristics and thus symbols of Ethiopia both internally and externally. Many African nation-states, such as Ghana, Benin, Senegal, Cameroon, and the Congo adopted Ethiopia's colors for their flags when they gained independence from colonial rule. Some Africans in the diaspora established a religious and political tradition deemed Ethiopianism. Proponents of this movement, which predates pan-Africanism, appropriated the symbol of Ethiopia to liberate themselves from oppression. Ethiopia was an independent, black nation with an ancient Christian Church that was not a colonial biproduct. Marcus Garvey spoke of viewing God through the spectacles of Ethiopia and often quoted Psalm 68:31, ""Ethiopia shall stretch her hands unto God."" From Garvey's teachings, the Rastafarian movement emerged in Jamaica in the 1930s. The name ""Rastafari"" is derived from Emperor Haile Selassie, whose precoronation name was Ras Tafari Makonnen. ""Ras"" is both a princely and a military title meaning ""head"" in Amharic. There is a population of Rastafarians living in the town of Shashamane, which was part of a land grant given to the Ethiopian World Federation by Emperor Haile Selassie in return for support during the Italian occupation during World War II.";1;0;0;1;1;0;1
France;https://www.everyculture.com/Cr-Ga/France.html;"Symbolism. Numerous national symbols are associated with the French Revolution, which established the nation as a democratic republic at the end of the eighteenth century. They were further reinforced during the Third Republic at the turn of the twentieth century. Known as the tricoleur, the flag is blue, white, and red. White is associated with monarchy, red with the republic, and blue with Charlemagne, Clovis, and other early rulers. La Marseillaise became the official national anthem in 1946. It was written in Strasbourg in 1792 but became associated with Marseille when troops from that city entered Paris singing it on 30 July 1792. It was an important rallying song during the First Republic but was not used on official occasions again until the Third Republic. The Gallic rooster ( le coq gaulois ) became associated with the nation during the Renaissance. It was used at first as a royal symbol but during the revolution came to stand for the identity of the nation. Used variously over time and sometimes associated with the figure of Liberty or Marianne, the rooster came to be known as a symbol of the nation during World War I. Today it is often used by sports teams. Marianne is a symbol of the republic as a motherland and stands for the rallying cry of ""liberty, equality, fraternity."" Marianne became an official national symbol during the Third Republic, although this female figure developed out of female symbols dating back to the revolutionary period. There are multiple ways of depicting this figure. Statues and images have portrayed Marianne as wearing a helmet and at other times the Phrygian bonnet; during the Third Republic, she began to be seen wearing a crown of ripe wheat. Since the nineteenth century, mayors have commissioned a sculpture of Marianne for their town halls. Now these busts depict popular models, the first of whom was Brigitte Bardot. The most recent model, chosen in 1999 after much discussion and debate, is the actress Laetitia Casta.";1;0;0;0;0;0;1
Georgia;https://www.everyculture.com/Ge-It/Georgia.html;"Symbolism. The competing impact of Asian and western cultures is most prominently expressed in Byzantine and Persian influences. Another overlap is between Christian and pagan, with a much weaker influence from neighboring Muslim patterns. Today, much cultural symbolism reflects a mythologized interpretation of tradition that is influenced by self-perception as belonging to European, Christian contemporary society. Mythical symbols include the Golden Fleece of the Greek myth of the Argonauts' journey to Colchis and the mythical ancestor of Georgians, Kartlos. Other important mythical figures include Saint George, and Amirani, a noble hero analogous to Prometheus. Mythical symbols of the Abkhazians and Ossetians are both dominated by a mythical cycle dealing with the semidivine people of Narts. The numbers seven and nine have symbolic meaning, as does the number three, which reflects the Trinity. The snow leopard and lion symbolize noble valor and vigor. The vine symbolizes fertility and the Dionysian spirit, and dominates medieval architectural ornamentation. A very important ornamental symbol is the fire-wheel swastika, a solar symbol traditionally used both as an architectural ornament and in wood carving as well as on the passport and currency. The Cross plays an equally significant role. The hymn ""Thou Art the True Vine"" is the most important sacred song. National symbols often refer to language, motherland (national territory), and Confession (Christian Orthodoxy). The ideas of loyalty to kin, honor, and hospitality are held in high esteem. The characteristic metaphor is that of a mother. Other metaphors are linked to the sun, which is interpreted as a source of beauty and light, brotherhood, supreme loyalty, and victory. State symbolism dates back to the Democratic Republic of Georgia (1918â€“1921). The most respected national festival (26 May) is linked to the declaration of independence in 1918. The national flag of black and white stripes against a dark crimson background and the state emblem, White George on horseback framed by a septagonal star, repeat the imagery of that period.";1;0;1;1;1;1;0
Germany;https://www.everyculture.com/Ge-It/Germany.html;"Symbolism. Any review of national symbols in Germany must take into account the clash of alternative symbols, which correspond either to different phases of a stormy history or to different aspects of a very complex whole. The eagle was depicted in the regalia of the Holy Roman Empire, but since Prussia's victory over Austria in 1866 and the exclusion of Austria from the German Reich in 1871, this symbol has been shared by two separate states, which were united only briefly from 1937 to 1945. Germany is the homeland of the Reformation, yet Martin Luther is a very contentious symbol, since 34 percent of all Germans are Roman Catholic. In the late eighteenth and early nineteenth century, Germany became known as the land of Dichter und Denker , that is, poets and philosophers, including such luminaries as Immanuel Kant, Johann Gottfried von Herder, Johann Wolfgang von Goethe, Friedrich von Schiller, and Wilhelm von Humboldt. In the latter nineteenth century this image was supplemented by that of the Prussian officer and the saber-rattling Kaiser. Der deutsche Michel â€”which means, approximately, ""Mike the German,"" named after the archangel Michael, the protector of Germanyâ€”was a simpleton with knee breeches and a sleeping cap, who had represented Germany in caricatures even before the nineteenth century. The national and democratic movement of the first half of the nineteenth century spawned a whole series of symbols, including especially the flag with the colors black, red, and gold, which were used for the national flag in the Weimar Republic (1919â€“1933) and again in the Federal Republic of Germany (as of 1949). The national movement also found expression in a series of monuments scattered over the countryside. The National Socialists were especially concerned with creating new symbols and harnessing old ones for their purposes. In the Federal Republic of Germany, it is illegal to display the Hakenkreuz or swastika, which was the central symbol of the Nazi movement and the central motif in the national flag in the Third Reich (1933â€“1945). The official symbols of the Federal Republic of Germany are the eagle, on one hand, and the black, red, and gold flag of the democratic movement, on the other. In many ways, however, the capital city itself has served as a symbol of the Federal Republic, be it Bonn, a small, relatively cosy Rhenish city (capital from 1949 to 1990), or Berlin, Germany's largest city and the capital of Brandenburg-Prussia, the German Empire, the Weimar Republic, the Third Reich, and, since 1990, the Federal Republic. From the SiegessÃ¤ule (Victory Column) to the Reichstag (parliament), from the Charlottenburg Palace to the former Gestapo Headquarters, from the Memorial Church to the fragmentary remnants of the Berlin Given the contentious character of political symbols in Germany, many Germans seem to identify more closely with typical landscapes. Paintings or photographs of Alpine peaks and valleys are found in homes throughout Germany. Often, however, even features of the natural environment become politicized, as was the case with the Rhine during Germany's conflicts with France in the nineteenth century. Alternatively, corporate products and consumer goods also serve as national symbols. This is certainly the case with a series of high-quality German automobiles, such as Porsche, Mercedes-Benz, and BMW.";1;0;1;1;1;0;1
India;https://www.everyculture.com/Ge-It/India.html;Symbolism. The national flag, which was adopted in 1947, is a tricolor of deep saffron, white, and green, in horizontal bands (with green at the bottom). In the center of the white band is a blue wheel, the chakra , which also appears on the lion column-capital of the Emperor Asoka at Sarnath. This carving, which is over 2,200 years old, is also a national emblem that is preserved in the Sarnath Museum. The sandstone carving features four lions back to back, separated by wheels ( chakra , the wheel of law), standing over a bell-shaped lotus. The whole carving once was surmounted by the wheel of law. The national anthem is a song composed by Rabindranath Tagore in 1911 entitled Jana-gana mana. The nearly useless Saka-era calendar also may be considered a national symbol, adopted in 1957 and still often used officially alongside the Gregorian calendar.;1;1;1;1;0;0;1
Iran;https://www.everyculture.com/Ge-It/Iran.html;"Symbolism. Iranian culture is rich in cultural symbolism, much of which derives from prehistoric times. Iran is the only nation in the Middle East that uses the solar calendar. It is also the only nation on earth marking the advent of the New Year at the spring equinox. The Islamic and the pre-Islamic world have both provided national symbols for Iran, and these have come in conflict in recent years. Mohammad Reza Pahlavi, the shah who was deposed in 1979, tried to make the twenty-five-hundred-year-old monarchy itself a central symbol of Iranian life. He designed a series of lavish public celebrations to cement this image in the public imagination. The ancient emblem for the nation was a lion holding a scimitar against a rising sun. This emblem was a symbol not only of Iran, but also of the ancient monarchy, and was prominently displayed on the national tricolor flag of red, white, and green. The Persian lion is now extinct, and since the 1979 Revolution, so is this emblem. It has been replaced by a nonfigurative symbol that can be construed as a calligraphic representation of the basic Islamic creed, ""There is no god but God."" The tricolor background has been maintained. Much symbolism in daily life derives not just from Islam, but from the ""Twelver"" branch of Shi'a Islam that has been the official state religion since the seventeenth century. It is essential to note the central symbolic importance of Imam Hassain, the grandson of the prophet Muhammad, who was martyred in Karbala in present-day Iraq during the Islamic month of Muharram in the seventh century. His martyrdom is a ""master symbol"" in Iranian life, serving as an inexhaustible source of imagery and rhetoric.";1;0;1;1;0;0;1
Italy;https://www.everyculture.com/Ge-It/Italy.html;"Symbolism. Italian patriotism is largely a matter of convenience. Old loyalties to hometown have persisted and the nation is still mainly a ""geographic expression"" (i.e., there is more identity with one's home region than to the country as a whole) to many Italians. The national anthem, Fratelli d'Ialia , generally is seen as something to be played at sporting events with teams from other countries. The red, green, and white flag has meaning for most citizens but does not stir a great deal of fervor. The strongest ties are to one's family. Therefore, politicians make appeals for loyalty to the nation based on loyalty to the family, stressing ties to the patria (“fatherland"").";0;0;0;0;1;0;1
Japan;https://www.everyculture.com/Ja-Ma/Japan.html;"Symbolism. National identity and unity are formally symbolized by a number of conventional icons and motifs, including the cherry blossom, the red and white national flag portraying the rising sun, and the chrysanthemum. These symbols have contested meanings because they are associated with the imperial family and World War II. The chrysanthemum, for example, serves as the crest of the imperial family, and cherry blossoms were invoked in wartime propaganda to represent the glory of kamikaze suicide pilots. Progressive political groups resist flying the national flag and singing the national anthem (Kimigayo) because of their wartime associations. Stereotypical images that are deployed in foreign representations of Japan, such as Mount Fuji, geisha, and samurai, are not regarded by Japanese people as symbols of contemporary identity. Contemporary Japanese culture emphasizes symbolic expressions of local or regional identity. For example, local identity and pride are commonly expressed through ""famous local products."" Almost every village, town, and city is famous for something, often a locally distinctive folk craft, a local culinary specialty, or a traditional song or performing art.";0;1;1;0;1;1;0
Mexico;https://www.everyculture.com/Ma-Ni/Mexico.html;"Symbolism. The most prominent symbols that express and reinforce national culture belong to the domains of state, religion, and popular culture. As a product of the Mexican Revolution (1910â€“1917), the Mexican state has been an important point of convergence for national identity. Because it was a widely shared process that profoundly refashioned the country's social, political, economic, and cultural characteristics, the revolution itself has become an important source of national identity. The postrevolutionary state has been very active and effective in nurturing national symbols and heroes. Children who attend public schools honor the national flag and sing the national anthem every Monday morning. The flag consists of three vertical strips in the colors green (representing ""hope""), white (""purity"") and red (""blood""). In the central white strip is the image of an eagle standing on a cactus plant and eating a snake. This image represents the myth of the foundation of TenochtitlÃ¡n, the capital of the Aztec Empire. The most important icon of Mexican national culture is the Virgin of Guadalupe, which illustrates the pervasive influence of Roman Catholicism in the national culture. She is viewed as the ""mother"" of all Mexicans. The dark-skinned Virgin is the Mexican version of the Virgin Mary and as such represents national identity as the product of the mixing of European and Meso-American religions and peoples. Her image was used in the struggle for independence against the Spanish. Mexicans have developed a particular sense of uniqueness, which is expressed in the popular saying como MÃ©xico no hay dos (Mexico is second to none). This sense is also expressed in numerous elements of popular culture such as food and music.";1;0;1;1;0;0;1
New Zealand;https://www.everyculture.com/Ma-Ni/New-Zealand.html;Symbolism. A national flag, coat of arms, and anthem are important symbols. Other symbols tend to be commercial or cultural and are of Maori origin. The national airline has a stylized Koru (fern leaf), all the national sports teams have a fern leaf, the feathered cloak of a Maori chief is used on ceremonial occasions, and haka is performed before international rugby matches. The kiwi, a flightless, nocturnal bird unique to New Zealand, is the symbol for everything from New Zealand.;1;0;1;0;0;0;0
Nigeria;https://www.everyculture.com/Ma-Ni/Nigeria.html;"Symbolism. Because there is little feeling of national unity among Nigeria's people, there is little in terms of national symbolism. What exists was usually created or unveiled by the government as representative of the nation. The main national symbol is the country's flag. The flag is divided vertically into three equal parts; the center section is white, flanked by two green sections. The green of the flag represents agriculture, while the white stands for unity and peace. Other national symbols include the national coat of arms, the national anthem, the National Pledge (similar to the Pledge of Allegiance in the United States), and Nigeria's national motto: Peace and Unity, Strength and Progress.";0;0;1;0;0;1;0
Saudi Arabia;https://www.everyculture.com/Sa-Th/Saudi-Arabia.html;"Symbolism. The national flag is green, the color of Islam, and bears a white inscription that translates as, ""There is No God but God, and Muhammad is the Messenger of God."" A white saber, the sword of Islam, was added in 1906 and symbolizes the military successes of Islam and of Abd al-Aziz Al Saud, the founder of the contemporary state. The national logo depicts two crossed swords and a date palm tree. The national day is 23 September, marking the unification in 1932 of the regions of Najd and its dependencies, Hijaz, and Asir to form the Kingdom of Saudi Arabia. The national day is celebrated with speeches, receptions, and school-related activities but usually lacks pomp and ceremony. The king, leading princes, and government ministers often are seen on television performing their culturally prescribed roles. The state and people engage in the creation of a national cultural heritage through the preservation or reconstruction of elements from the past that are seen as embodying the traditional culture. Examples are the preservation of old houses and mosques, the use of traditional motifs in new buildings, the holding of camel races, and the setting up in museums and hotels of tents with rugs and paraphernalia typical of traditional Bedouin tented households. The national culture also embraces the new and the modern: a national airline (Saudia), oil industry and petrochemical installations, wheat growing in the irrigated desert, skyscrapers, shopping malls with artificial waterfalls and ice-skating rinks, and supermodern highways, ports, and airports. The contemporary consumer culture includes automobiles, pickup trucks, videocassette recorders, multi-channel televisions, and telephones as well as computers and mobile phones. Other dimensions of the national culture and its symbolism include performances such as the ardah , where men dance waving swords in the air; the recitation of epic poems about historical events related to tribal affairs; and national sports competitions. The distinctive clothing worn by both men and women conforms with Muslim dress codes that prescribe modesty for both sexes but especially women. Saudi Arabia's most powerful cultural symbols are those linked to Islam. The ritual celebrations that have the strongest hold on people's imaginations are the holy month of Ramadan, the holy pilgrimage ( haj ) to Mecca, and the Muslim feasts of Id al-Fitr and Id al-Adha , which occur after the end of Ramadan and in conjunction with the pilgrimage, respectively. Other important rituals are the more private social celebrations of weddings, visits (especially among women) for joyous and sad occasions, extended family and clan reunions and other kin-based socializing, and the expression of condolences and participation in funerals.";0;0;1;1;1;1;0
United States of America;https://www.everyculture.com/To-Z/United-States-of-America.html;"Symbolism. The flag is perhaps the most potent and contested national symbol. Made up of stripes symbolizing the original thirteen colonies and fifty stars representing the fifty states, it is displayed on national holidays such as Veterans Day, Memorial Day, Labor Day, and Independence Day. Public places and businesses raise the flag as a matter of course. Individuals who display the flag in their homes or yards make an explicit statement about their patriotic connection to the nation. The flag is also employed frequently as a symbol of protest. In the nineteenth century, northern abolitionists hoisted the flag upside down to protest the return of an escaped slave to his southern owner, and upside-down flags continue to be used as a sign of protest. The use of the stars and stripes design of the flag in clothing, whether for fashion, humor, or protest, is controversial and is considered by some people to be akin to treason and by others to be an individual right in a state that upholds individual rights. Nationalism and community solidarity frequently are expressed through sports. In the Olympic games, patriotic symbols abound, and victors are heralded for their American qualities of determination, individualism, and competitiveness. In the same way, football games connect fans to one another and to their communities through a home team. The game expresses the important value of competition: unlike soccer, American football games can never end in a tie. Football also reflects cultural ideals about sex and gender; the attire of players and cheerleaders exaggerates male and female sex characteristics.";0;0;0;0;1;0;1
Chatgpt 5 (prompt 1);Describe, in detail, how symbols and shared signs of identity appear within a society, as if you are observing them directly. Capture the atmosphere, meaning, and emotion they evoke in collective life. Write in a novel-like, observational tone under 200 words, and you may include brief quoted phrases.;"They are everywhere once you learn to see them—the quiet emblems that stitch a people together. A flag rippling from a balcony, its fabric faded by sun and rain, yet still saluted in passing glances. The pattern of tiles on a public fountain, replicated in kitchens and courtyards as if the nation itself were repeating its name. Even the smallest gestures—how one greets another, how bread is broken, how a color is worn on certain days—carry a weight of belonging.
At the stadium, thousands lift the same scarf at once, their voices fusing into a single, trembling note. In the city square, a monument stands not just for history but for the feeling of being part of something older than oneself. A child traces its engraved names, asking, “Who were they?” and an elder answers softly, “Ours.”
These signs, though silent, speak: they remind, summon, console. Each is a mirror in which a society recognizes its own face—sometimes proud, sometimes uncertain—but always searching for the shape of its shared self.
";0;0;0;0;1;0;0
Chatgpt 5 (prompt 2);Write the opening paragraph of a text that begins with a moment shaped by symbols of belonging or identity. Let it feel like the start of a larger narrative that reflects how people express unity, pride, or protest through shared meaning. Keep it under 200 words and you may include short dialogue.;"By dawn, the square was already a sea of color. Flags draped from shoulders, painted across cheeks, fluttered from broomsticks and balcony rails. The air held that strange, electric stillness that comes just before a collective breath. Someone began to hum the old anthem—soft at first, then joined by another, until the melody swelled into something vast enough to tremble the glass of nearby windows. Vendors paused mid-sale, a bus slowed to a stop, and even the pigeons circled slower, as if the city itself were listening.
“They said we’d forgotten who we were,” an old man murmured beside the statue, his voice both weary and proud. “But look.”
In that moment, it wasn’t the symbols themselves—the cloth, the paint, the chant—that mattered. It was the recognition in every face: the unspoken agreement that they belonged to the same story, whether in pride or in protest, whether out of hope or defiance.
";0;0;0;0;0;0;0
Chatgpt 5 (prompt 3);"Describe, in a novel-like but reflective way, how symbolism functions within a society. Do not focus on specific individuals; instead, narrate the general presence of shared signs, images, and practices that convey collective identity and emotion. Keep it under 200 words.";"Symbolism moves through a society like an undercurrent—unseen, yet guiding the collective tide. It gives shape to what cannot be legislated: belonging, reverence, memory. A flag is not merely fabric; it is the condensation of countless stories, both triumphant and broken. A color worn on a sleeve, a flower laid at a monument, a melody sung without conductor—all become languages through which a people remember themselves.
These symbols shift with time, yet their gravity endures. When spoken words fail, they offer shorthand for feeling: the bowed head, the raised fist, the candle lit in silence. In festivals and funerals alike, they draw invisible circles around those who share the same rhythm of meaning. Even rebellion borrows from this grammar, reshaping old signs into new declarations.
Through them, a society tells its ongoing tale—one that is not written in laws or archives, but in gestures repeated until they become instinct, in images that outlive the moment they were made.
";0;1;0;0;0;0;0
Mistral-large (prompt 1);;"The city breathes in symbols, exhaling them like whispers through its streets. On the corner of a weathered building, a mural unfurls—a woman’s face, eyes wide with defiance, her headscarf a riot of colors. Passersby pause, some touching the wall as if to absorb her strength. “She sees us,” a teenager murmurs to her friend, and for a moment, the air hums with something like pride.
Flags flutter from balconies, their fabric snapping in the wind, each stitch a silent declaration. A café’s window displays a sticker, a tiny rainbow, and inside, laughter spills over steaming cups. No one speaks of it, but the way shoulders relax, the way hands linger on the glass—it’s a quiet pact: you are safe here.
At dusk, the square fills with voices. A group gathers around a flickering candle, their shadows merging into one. Someone begins to sing, the melody old and aching, and others join, their voices rough with memory. A child clutches a painted sign, the letters smudged but legible: “We remember.” The words hang in the air, heavier than the smoke from the candles.
Symbols are the city’s heartbeat, pulsing beneath the pavement. They are the graffiti on the train, the pin on a stranger’s lapel, the way a crowd falls silent when a certain song plays. They are the unspoken language of belonging, the proof that even in the chaos, we are not alone.
";0;0;0;1;1;0;0
Mistral-large (prompt 2);;"The first snow of winter had just settled over the square when Lina saw the banner unfurl. It rippled like a living thing between the lampposts, its fabric dyed the deep crimson of the old stories, the ones her grandmother used to whisper about. The crowd below—gloved hands, breath curling in the cold—stilled as the last corner snapped taut, revealing the words stitched in gold: “We are the ones who stayed.”
A man beside her exhaled sharply, his fingers tightening around his daughter’s mittened hand. “Do you think they’ll leave it up?” the girl asked, her voice cutting through the hush. No one answered. They didn’t need to. The answer was in the way the banner caught the wind, in the way strangers nodded at each other, their eyes bright with something like recognition.
Across the square, a woman began to clap, slow and deliberate, and the sound spread like a spark. Lina pressed her palm to her chest, feeling the weight of the pin hidden beneath her coat—the same symbol, the same quiet defiance. For a moment, the snowflakes seemed to pause midair, as if even the sky was holding its breath.
";0;0;0;0;1;0;0
Mistral-large (prompt 3);;"Symbols move through a society like currents beneath the surface, unseen but impossible to ignore. They cling to walls as graffiti, bloom on flags, hum in the lyrics of songs sung by crowds with their arms linked. They are the silent agreements, the unspoken vows—this is who we are, this is what we carry.
A mural on a crumbling building doesn’t just depict a face; it holds the weight of a thousand glances, the brushstrokes thick with memory. A pin on a lapel isn’t just metal and enamel; it’s a whisper of solidarity, a promise that someone else will recognize its shape and understand. Even the absence of a symbol can speak volumes—a flag not flown, a word left unsaid—echoing with the tension of what could have been.
In the rhythm of daily life, these signs pulse like a second heartbeat. They gather in the way people pause at certain street corners, the way hands instinctively reach for each other when a familiar anthem plays. They are the language of belonging, the proof that even in a sea of strangers, some threads connect us. And when the world feels fractured, it’s the symbols that remind us: we are not alone in our longing, our anger, our hope.
";0;0;0;0;1;0;0
Qwen 3-Max (prompt 1);;"In the morning hush of the town square, the flag unfurls—crimson and gold—snapping like a heartbeat against the stone façade of the courthouse. Old men nod as they pass; children pause mid-chase, fingers brushing the hem of their school uniforms, stitched with the same emblem. “*One people, one path,*” the mayor had said at dawn, and the words cling to the air like incense.  

At the market, vendors drape stalls in woven cloths patterned with ancestral spirals—symbols older than the republic, yet freshly pressed into loyalty. A baker stamps loaves with the national crest; customers murmur thanks, not just for bread, but for belonging.  

Even dissent wears the colors: a teenager’s graffiti curls the flag’s stripes into a question mark, yet still uses its palette. Here, identity isn’t declared—it’s breathed. In shared glances at monuments, in the hymn hummed off-key at bus stops, in the quiet pride of a grandmother pinning a medal to her grandson’s chest. These signs are the silent syntax of us—woven so deep into daily ritual that to question them feels like unraveling the sky.";0;0;1;1;1;1;0
Qwen 3-Max (prompt 2);;"The first stitch tore at dawn.  
Mama’s hands, knuckles swollen with years and arthritis, pulled the needle through the red fabric with a quiet ferocity. On the kitchen table lay the banner—half-finished, already heavy with meaning: a golden sunburst stitched over three interlocking hands, the symbol of the Riverfolk resistance. Outside, the city hummed with uneasy quiet, soldiers patrolling streets that once echoed with market songs.  

“Will they see it?” I asked, voice low.  

“They’ll see it,” she said, not looking up. “And they’ll know we’re still here.”  

Neighbors had begun arriving before sunrise, slipping through alleyways with scraps of cloth, vials of indigo dye, whispered updates. Each brought something—a thread, a verse, a name of the disappeared—to weave into the growing tapestry. This wasn’t just cloth; it was a map of memory, a declaration stitched in defiance. By noon, it would hang from the old bridge, fluttering like a heartbeat the regime couldn’t silence. Unity wasn’t spoken here—it was sewn, shared, and unfurled for all to read in color and thread.";0;0;0;0;1;0;1
Qwen 3-Max (prompt 3);;"Symbols move through a society like silent currents—felt more than spoken, yet shaping everything. They linger in the curve of a national emblem on a weathered postbox, in the rhythm of a hymn hummed at dusk, in the way a certain color blooms on doorways during times of mourning or celebration. These signs are not merely decorative; they are vessels. They carry memory in their lines, hope in their repetition, grief in their absence.  

Rituals amplify them: the unfurling of a flag at dawn, the lighting of candles in unison, the shared silence on a day no one needs to name. Through such acts, abstract belonging becomes tangible—a thread pulled through millions of hands. Even dissent borrows their language, twisting familiar icons to speak new truths, proving that meaning is never fixed but constantly remade in the public square.  

In this way, symbolism stitches the social fabric. It allows strangers to recognize each other without words, to feel the weight of a common story pressing gently on their shoulders. Not all who share the symbol share the same belief—but they share the stage, the myth, the moment. And sometimes, that is enough to hold a people together, or to set them alight.";0;0;1;1;0;0;0
Gemini 2.5-Flash (prompt 1);;"The symbols drift through the collective air, less like static objects and more like invisible threads woven into the very fabric of the city's pulse. Observe the flag, its colors not just pigments but a surge of ""belonging,"" a sudden, quiet unity felt by the masses as it passes.

See the shared signs: the specific hand gesture, perhaps a subtle tilt of the head, instantly recognizable within the neighborhood's invisible bounds. A glance at the prominent war memorial isn't just seeing stone; it's accessing a deep well of shared grief and pride. Children instinctively know the proper reverence. The atmosphere crackles with an undercurrent of unspoken history.

When the anthem plays, there is a collective intake of breath—a moment where individual selves dissolve into a single, massive, emotional entity. ""We are one,"" the silence seems to whisper, a powerful surge of identity that leaves the air thick with meaning and a comforting, almost familial warmth. These signs aren't decoration; they are the living language of community.
";0;0;0;0;1;0;0
Gemini 2.5-Flash (prompt 2);;"The stadium air, thick with the scent of damp wool and hot coffee, seemed to vibrate not just with noise, but with color. Thousands of scarves, knitted in the deep crimson and gold of the city's crest, rose as one, a vast, fluttering tapestry of shared identity against the grey sky. When the bass drum boomed its familiar three-beat rhythm—a sound known to every child within the city limits—a collective roar went up, a single, guttural expression of loyalty that transcended neighborhood divides. ""Look at that,"" Elias whispered, nudging his friend. ""Every single person. They might argue over politics or who gets the last pastry, but right now? They're just one thing."" His friend nodded, pulling his own scarf tighter, the wool scratchy against his neck. In that moment of unified sound and symbol, the individual was erased, replaced by the powerful, intoxicating feeling of the We.";0;0;1;0;1;1;0
Gemini 2.5-Flash (prompt 3);;"Symbolism, in the life of a society, acts as an invisible language, a pervasive hum beneath the surface of daily transactions.1 It is not merely decoration but the architecture of collective meaning.2 Observe how certain colors, shapes, or even specific rhythms—a cadence of speech, a shared holiday song—can instantly summon a powerful, ancestral feeling of ""us."" These shared signs, often passed down so thoroughly they feel like instinct, are the emotional shortcuts of a people. A statue in the town square isn't just bronze; it's a silent, heavy consensus about what is worthy of remembrance and pride. When a particular ritual is performed—the laying of a wreath, the raising of a specific flag—it's a moment when thousands of individual consciences align. The collective heart beats as one, powered by images and practices that continually reaffirm: ""We remember this; we are this."" This living symbolism ensures that the past is never truly past, but remains a dynamic, emotional force in the present.";0;0;0;0;0;0;0
Deepseek V3.2 (prompt 1);;"You see them everywhere, if you know how to look. The subtle nod between strangers wearing a team’s colours, a silent fraternity. The particular hush that falls in a place of worship, a collective inhalation of peace. These are the shared signs that stitch a society together.

On a bustling high street, a teenager passes another, their eyes catching on a band t-shirt. A quick, approving smile is exchanged—a tiny spark of kinship. In a quiet square, fresh flowers are piled against stone, a public language of grief and memory. The air around them is thick with unspoken agreement.

These symbols are a quiet password, a way of saying, *“I am here, and I am with you.”* They transform a crowd of individuals into a congregation, whispering of belonging, of a common story being written, together.";0;1;0;1;0;0;0
Deepseek V3.2 (prompt 2);;"The sea of flat caps, worn not for fashion but for fealty, was the first thing you noticed. They stood shoulder-to-shoulder in the autumn chill, a thousand men and women whose lives were woven into the same mill-town grit. It was more than headwear; it was a crown. Then, a single voice, weathered and sure, began the old chorus. A few joined, then dozens, then the entire crowd, the hymn swelling until the very air vibrated with a pride that was both tender and defiant. An old man, his face a roadmap of his years, turned to his grandson, his eyes glistening. ""You see, lad? This is us. This is who we are."" And in that unified breath, a history of struggle and solidarity was passed down, not through a history book, but through a song.";0;0;0;1;1;0;0
Deepseek V3.2 (prompt 3);;"A society speaks to itself in a silent language of symbols. It is a conversation woven into the very fabric of daily life, a network of shared meanings that hums just beneath the surface of things. A flag flown, a particular style of dress, a revered ruin—these are not mere objects. They are vessels.

They function as anchors, tying a scattered people to a common memory, and as compasses, pointing toward shared aspirations. In their presence, a crowd ceases to be a collection of strangers and becomes a congregation, bound by an invisible thread of understanding. A familiar melody played in a public square can summon a specific, collective sorrow or joy, a ghost of emotion felt in unison. These signs are the story a group tells about itself, a narrative of belonging that is constantly being reinforced, a quiet, powerful agreement on what matters.";0;0;0;1;0;0;0
Turkey;https://www.everyculture.com/To-Z/Turkey.html;Nothing find for reference text;0;0;0;0;0;0;0
Russia;https://www.everyculture.com/No-Sa/Russia.html;"Symbolism. A popular visual symbol is Moscow's Saint Basil's cathedral with its colorful cupolas. Images of Saint Basil's and those of hundreds of other churches and cathedrals are key symbols of the country's long Orthodox history. Calendars, posters, and postcards with images of Orthodox churches are common in apartments and offices.
Bread symbolizes key aspects of the national self-image. It is the mark of hospitality, as in khlebsol (""bread-salt""), the ancient custom of welcoming a visitor with a round loaf with a salt cellar on top. This tradition can be observed at political and diplomatic events when a host receives an important guest. In broader terms, bread is the symbol of life; in times of hardship it is the primary food, and being ""without bread"" signals starvation. Other foods are also important symbols: black caviar, which signifies luxury and plenty as well as the bounty of the rivers and seas; mushrooms and berries, the gifts of the forest and dacha; bliny , pancakes served before Lent; the potato, staple of the diet; and vodka, a symbol of camaraderie and communication.
Forest plants, creatures, and objects are widely used in symbolic ways. The white birch conjures the romance of the countryside; the wolf, bear, and fox are ubiquitous in folktales and modern cartoons; and the peasant hut izba signifies the cozy world of the past. Inside the izba are three other cultural symbols: the plump clay or tiled stove; the samovar, and the Orthodox icon in its corner shrine. While most people live in urban apartments images of traditional life still have great power and meaning.
Everyday conversation is filled with metaphors summarizing a highly complex view of shared cultural identity. Russians talk of soul dusha to refer to an internal spiritual domain that is the intersection point of heart, mind, and culture. True communion depends on an opening up of souls that is accomplished through shared suffering or joy. Communal feasting and drinking also can help open up the soul. Soul is said to be one of the metaphysical mechanisms that unite Russians into a ""people"" narod. Stemming from ancient Slavic words for clan, kin, and birth, and meaning ""citizens of a nation,"" ""ethnic group,"" or simply a ""crowd of people,"" narod is used to refer to the composite identity and experience of the people through history. It often is invoked by politicians hoping to align themselves with the population. Leaders of the Soviet Union, trying to unite ethnic groups under a single multinational identity, ritualistically employed the term ""Soviet people"" ( sovietskii narod ). People still speak in terms of belonging by ""blood""; a person is seen to have Russian blood, Jewish blood, Armenian blood, or a mixture of ethnic bloods. Nationalist discourse uses this concept to stress the purity of one's own people and disparage those with ""foreign"" blood.
After the collapse of the Soviet Union, the calendar of national holidays was altered. The compulsory celebration of the Great October Revolution (7 November) was diminished in scale, although it is still officially marked. The Day of Victory (9 May), the Soviet capture of Berlin that ended World War II, still provokes strong feelings. Cemeteries, parks, and public places are filled every year with people gathering to memorialize the war, and the media celebrate the heroism of the Soviet peoples. Even though these tributes are tempered by revisionist history, a core of patriotic feeling remains. A new political holiday is Russian Independence Day (12 June), marking the establishment of the Russian Federation in 1991. New Year's Eve is the most widely observed holiday. The observance of Christmas and Easter and other Orthodox holidays has grown since the end of the Soviet repression of religious observance.";1;1;0;1;1;0;0
Chatgpt 5 (prompt 1) Ethiopia;Describe, in detail, how symbols and shared signs of identity appear within the Ethiopian society, as if you are observing them directly. Capture the atmosphere, meaning, and emotion they evoke in collective life. Write in a novel-like, observational tone under 200 words, and you may include brief quoted phrases.;"At gatherings large and small, the signs of belonging in Ethiopian society seem to surface everywhere, subtle yet unmistakable. Colors of the flag ripple from scarves, painted stalls, and tiny pins on jackets—green, yellow, and red catching the afternoon light like a quiet reassurance of unity. In churchyards or city squares, carved wooden crosses hang from necks, swinging gently as people move, each one holding a story older than the wearer. You notice the way elders greet one another with a hand to the heart, a gesture that says “I know who you are; we come from the same soil.”
Music drifting from open windows carries rhythms recognized instantly—beats that make people smile before they even place the song. Coffee aromas rising from clay pots mark a shared ritual, a symbol as powerful as any emblem stitched on cloth. Even the language woven through conversations—Amharic, Oromo, Tigrinya—becomes a sign of identity, shifting tone and cadence as groups recognize their own.
These symbols do not shout; they hum beneath the surface, binding strangers through memory and emotion. In them, you feel a society quietly affirming, “We belong to something larger than ourselves.”
";0;0;0;1;1;0;1
Chatgpt 5 (prompt 2) Ethiopia;Write the opening paragraph of a text set within the Ethiopian society that begins with a moment shaped by symbols of belonging or identity. Let it feel like the start of a larger narrative that reflects how people express unity, pride, or protest through shared meaning. Keep it under 200 words and you may include short dialogue.;"The afternoon sun struck the rows of green-yellow-red ribbons strung across the square, making them shimmer like signals to anyone who called this place home. People moved beneath them with a deliberate calm, as if stepping into a story they all already knew. A young man lifted a small wooden cross from around his neck and kissed it before joining the crowd, while an older woman adjusted a woven shawl patterned with symbols from her childhood village. “Today we stand together,” someone murmured, not loudly, but enough for nearby ears to catch the conviction in the words. Drums began to pulse from the far side of the avenue, and the crowd’s posture shifted—shoulders lifting, faces steadying—each rhythm awakening memories of belonging, pride, or struggle. It felt like the beginning of something unfolding, a moment where every sign and gesture carried the weight of a shared identity waiting to speak.
";0;0;0;1;1;0;1
Chatgpt 5 (prompt 3) Ethiopia;"Describe, in a novel-like but reflective way, how symbolism functions within the Ethiopian society. Do not focus on specific individuals; instead, narrate the general presence of shared signs, images, and practices that convey collective identity and emotion. Keep it under 200 words.";"Symbolism in Ethiopian society moves quietly through daily life, yet its presence is unmistakable. Colors of the flag appear in markets, on minibuses, and in woven cloth, not as decoration but as a steady reminder of shared history and aspiration. Religious symbols—crosses carved from olive wood, verses etched on metal pendants, the rhythmic sway of liturgical fans—carry layers of meaning understood without explanation. Even everyday practices become emblems: the slow, deliberate brewing of coffee; the communal breaking of injera; the echo of traditional rhythms marking time at weddings or protests.
These signs do more than express identity—they bind emotion to memory. A pattern woven into a shoulder cloth recalls a distant region; a melody played at dawn evokes collective resilience; a gesture of greeting signals enduring respect. Symbolism here is not abstract. It is lived, touched, heard, and shared, forming a subtle vocabulary through which people recognize one another and reaffirm the stories that hold their society together.
";0;0;0;1;1;0;0
Mistral-large (prompt 1) Ethiopia;;"In the highlands of Ethiopia, the air hums with the weight of symbols—each a thread in the tapestry of collective memory. The cross, etched into ancient stelae or dangling from necks on delicate silver chains, is more than faith; it is a whisper of Lalibela’s rock-hewn churches, a defiance against time. Men in gabi, the white cotton shawls draped over shoulders, move like living monuments, their slow strides echoing the dignity of elders who say, ""Wedehalech yihun""—""May your path be open.""
On the streets of Addis Ababa, the lion of Judah roars silently from murals and taxi hoods, its golden mane a reminder of Haile Selassie’s shadow and the unbroken spirit of resistance. Women in netela, their embroidered shawls fluttering, carry the scent of frankincense and the rhythm of eskista—shoulders shimmying to drums that pulse like the heartbeat of a people who have danced through drought and war.
At the coffee ceremony, the aroma of freshly roasted beans swirls with stories. The jebena pot, blackened by generations of use, is passed with the words, ""Buna tetu""—""Drink coffee."" Here, in the steam and the shared silence, identity is not spoken; it is breathed. The symbols are not just seen—they are lived.
";1;0;0;1;1;0;0
Mistral-large (prompt 2) Ethiopia;;"The first light of dawn spilled over the cobblestone square in Addis Ababa, painting the faces of the gathered crowd in gold. A young woman, her hair braided tight with threads of red and green, raised a hand-painted banner above the murmuring sea of voices. The lion of Judah, fierce and unblinking, stared out from the cloth, its mane woven with the words ""አንድ ነን""—""We are one."" Around her, fingers brushed the edges of netela shawls, the white fabric embroidered with patterns passed down from grandmothers who had wrapped themselves in the same defiance decades before.
An old man, his cane tapping a slow rhythm against the stones, leaned toward a boy clutching a drum. ""Do you hear it?"" he asked, his voice rough with memory. ""The sound of us."" The boy nodded, his hands tightening on the drum’s edge, ready to answer the call. Somewhere in the crowd, a woman lit frankincense, its smoke curling into the air like a prayer—or a promise. The symbols were everywhere, alive in the way they moved, the way they breathed. This was not just a gathering; it was a heartbeat.
";1;0;0;1;1;0;0
Mistral-large (prompt 3) Ethiopia;;"In Ethiopia, symbolism does not merely exist—it breathes. It lingers in the air like the scent of freshly roasted coffee, woven into the fabric of daily life, a silent language that speaks volumes. The cross, carved into ancient obelisks or traced in ink on foreheads during Timket, is not just a mark of faith but a thread connecting generations, a whisper of resilience against the weight of time. The lion of Judah, emblazoned on flags and murals, does not merely represent a dynasty; it roars with the pride of a people who have stood unbroken through storms of history.
The netela and gabi, draped over shoulders, carry stories of tradition and resistance, their folds holding the echoes of ancestors. In the rhythm of the eskista, the dance of shoulders and hips, there is a collective memory—a celebration of survival. Even the coffee ceremony, with its slow, deliberate rituals, is more than a custom; it is a sacred pause, a moment where time bends to honor unity.
Here, symbols are not static. They pulse with life, shaping identity, fueling pride, and kindling the quiet fires of protest. They are the unspoken words that bind a nation.
";1;0;0;1;1;0;0
Qwen 3-Max (prompt 1) Ethiopia;;"In the highland market of Gondar, the air hums with the scent of *khat* and roasting barley. A woman adjusts her white *shamma*, its hem embroidered with crimson crosses—subtle yet unmistakable. Nearby, a young man’s arm bears the faint blue tracery of a traditional *tibeb* tattoo, once a warrior’s mark, now a quiet echo of lineage. “*Ameseginalehu!*” he calls to a friend—“Blessed be!”—and the phrase hangs like incense between them.  

On a stoop, an elder traces the Star of David on a silver pendant, a legacy of Beta Israel, while the Orthodox priest passing by clutches his *mequamia*, its metallic glint catching the sun like a benediction. The Ethiopian flag—green, yellow, red—ripples above a tea stall, not as mere cloth but as a chorus of soil, hope, and sacrifice.  

These signs aren’t worn; they’re lived. In every *injera* shared from a common platter, in the haunting cadence of liturgical Ge’ez drifting from a hillside church, identity stitches itself into the everyday. It’s not spoken of—it’s breathed. “*Yene neger, yene aman,*” murmurs a vendor—“My people, my soul.” And in that whisper, a nation holds itself together.";0;0;0;1;1;0;1
Qwen 3-Max (prompt 2) Ethiopia;;"The drumbeat began at dawn—deep, insistent, rolling down the terraced hills of Lalibela like a heartbeat returning to stone. By sunrise, the *kebero* was answered by voices: women in white *netelas* with borders dyed the red of martyrs’ blood, men with *shammas* draped like banners over their shoulders, all converging on the square before Bete Giyorgis. Not for a feast, not for a festival—but because the news had come yesterday: the river was being sold.  

""*Yemar yalegnal!*"" cried a girl no older than ten, her wrist wrapped in a woven red-green-yellow band her grandmother taught her to knot. “They can’t take our water—it’s *Abay’s* gift!”  

No one needed a speech. The crosses on their foreheads, the Psalms humming beneath their breath, the way they linked arms without a word—these were the arguments that mattered. In this highland town where faith and land are carved from the same rock, protest wore the face of prayer, and unity wore the cloth of centuries.";0;0;0;1;1;0;1
Qwen 3-Max (prompt 3) Ethiopia;;"In Ethiopia, symbolism is not ornament—it is oxygen. The green, yellow, and red of the flag ripple beyond cloth, threading through coffee ceremonies, schoolyard songs, and the hems of festival shawls, each hue a stanza in an unwritten national poem. Crosses—carved in wood, etched in skin, cast in silver—speak not only of faith but of endurance, their arms stretching across centuries of empire, exile, and resilience. The *mesob*, that woven table of communal *injera*, is more than furniture; it is a mandala of togetherness, where hands meet and hierarchies dissolve in shared bread.  

Even silence holds symbolism: the pause before the *kebero* drum sounds, the hush in a church courtyard at dusk, the collective breath held during moments of national reckoning. Language, too, carries emblematic weight—Amharic proverbs coil like incense through daily speech, binding ethics to ancestry. These signs are not merely recognized; they are inhabited. They pulse in marketplaces, sanctuaries, protest chants, and lullabies alike—quiet anchors in a land where identity is less declared than lived, stitched into the rhythm of ordinary days with threads of memory, myth, and mutual belonging.";0;0;0;1;1;0;1
Gemini 2.5-Flash (prompt 1) Ethiopia;;"The air itself in Ethiopia feels woven with unspoken narratives, visible in the flow of symbols.
Observe the cross—not a simple emblem, but the intricate, hammered metal of the Coptic cross, often worn close to the skin.1 It’s a silent, daily affirmation, more felt than seen, evoking ""a heritage of faith."" The rhythmic, often mournful chants drifting from the churches on Sunday morning carry this same weight—a profound, shared spiritual identity.

Then, the vibrant patterns of the traditional clothes, the habesha kemis and kitel, stand out against the ochre dust. Each thread, each color, speaks of regional pride, yet collectively they signal a singular Ethiopian elegance. When the teff sourdough flatbread, injera, is served—a sprawling, spongy base for every shared meal—it’s more than sustenance; it is the ultimate symbol of collective life and kinship.2The atmosphere is one of deep, ancient continuity, where symbols are not just seen, but lived.

";0;0;0;1;1;0;0
Gemini 2.5-Flash (prompt 2) Ethiopia;;"The morning air, cool and thin, carried the scent of roasting coffee beans and frankincense as young Elias walked swiftly toward Meskel Square. He wore his faded, well-loved Ethiopian national football team jersey, the green, yellow, and red stripe across his chest a defiant splash of color against the capital's pale cityscape. Today was not a match day, yet the jersey was a necessary shield—a silent declaration of unity and shared pride amidst the swirling undercurrents of local politics. An old woman, bent with age, shuffled past him, her headscarf secured by a simple, woven basket cross—the mateb—and she gave him a knowing nod. “May God guide the heart, my son,” she murmured in Amharic, her voice dry as the highland wind. Elias straightened his shoulders, the fabric feeling heavy and right. He wasn't protesting; he was simply belonging, walking toward the heart of the city where the nation's many stories converged and clashed.
";0;0;0;1;1;0;1
Gemini 2.5-Flash (prompt 3) Ethiopia;;"In the tapestry of Ethiopian life, symbolism is less a decoration and more the deep foundation of identity itself, a silent language spoken universally across the high plateaus and river valleys. It functions as an ancestral memory made visible. The colors of the national flag, seen stitched into clothing or painted onto taxis, are not mere political markers; they are emotional lodestones, representing land, hope, and sacrifice, an automatic swell of collective sentiment.1 Even in the daily ritual of the coffee ceremony, the carefully poured stages, the fragrant smoke of incense, and the shared small cups become a profound social contract—a symbolic enactment of hospitality and respect that transcends verbal agreement.2 These shared signs—from the ubiquitous cross to the very texture of the injera—are the constant, enduring grammar of belonging, providing a quiet, resilient continuity that binds disparate communities into a singular, emotional whole.";0;0;0;1;1;0;0
Deepseek V3.2 (prompt 1) Ethiopia;;"From the highlands of Tigray to the bustling arteries of Addis Ababa, Ethiopia is a tapestry of woven signs. The breath of morning carries frankincense smoke from ancient churches, a scent that is both prayer and identity. I see the *habesha kemis*, the white dress of spun cotton, moving like gentle ghosts through the market, its intricate *tilfi* embroidery a silent language of region and status.

In a cramped *bunna bet*, the coffee ceremony unfolds—a ritual of black earth, green herbs, and charcoal smoke. The pouring stream connects generations; *“ቡና ልብ ያጸናል,”* they say—coffee strengthens the heart. On taxi windows, stickers of the Lion of Judah gaze out, a symbol worn with defiance and fierce pride. The three-fingered *Rastafari* salute, the Coptic cross tattooed on a forehead, the green, yellow, and red of the flag flying from a rusted lamppost—each is a thread pulled tight in the national fabric.

These are not mere decorations. They are a chorus of belonging, a quiet, daily insistence: *“ኢትዮጵያ ታበፅዕ እደዊሃ*—Ethiopia stretches her hands unto God.” They hold, within their forms, the weight of resistance, the solace of faith, and the unbreakable thread of memory.";1;0;0;1;1;0;1
Deepseek V3.2 (prompt 2) Ethiopia;;The scent of roasting coffee beans and frankincense still hung in the dusk air as the last of the daylight gilded the massive stone lions guarding Menelik II Square. A young woman, Selam, knelt not in prayer, but in action, her fingers carefully placing a single, fresh *gerbera* daisy at the base of the statue. Others began to gather, a silent constellation drawn to the same point. Each held a daisy—not the national flag’s green, yellow, and red, but a simple, vibrant orange. It was a mute, fragrant language of dissent. An elder man, his face a map of wrinkles, caught her eye and gave an almost imperceptible nod, placing his own flower beside hers. He whispered, his voice like dry parchment, **“አንድ ነው።”** *We are one.* In that hushed square, under the watchful stone eyes of history, a new symbol was taking root, speaking of a unity that no decree could silence.;1;1;0;0;0;0;0
Deepseek V3.2 (prompt 3) Ethiopia;;"Symbols here are the land’s second language. They whisper from the silent, silver Coptic cross resting against a dark suit, a declaration of ancient faith worn into the boardroom. They rise in the sharp, communal scent of roasting coffee, a ritual smoke that ties a household to its ancestors. The very threads speak: the brilliant green, gold, and red of the *shamma* is not merely cloth; it is a portable flag, a shroud of honor, a sling of defiance carried on a shoulder.

They are shields and declarations. The Lion of Judah, stamped on taxi dashboards and faded murals, is not a relic but a living roar of sovereignty. A shared glance at its image can hold a century of memory—of resistance, of pride, of unbroken lineage. These signs are a deep, collective grammar. They are the unwritten stanzas of a national epic, recited daily in gesture, image, and aroma, binding the scattered highlands and bustling alleys into a single, resonant story.";1;0;0;1;1;0;1
Chatgpt 5 (prompt 1) India;Describe, in detail, how symbols and shared signs of identity appear within the Indian society, as if you are observing them directly. Capture the atmosphere, meaning, and emotion they evoke in collective life. Write in a novel-like, observational tone under 200 words, and you may include brief quoted phrases.;"Symbols surface everywhere, quietly insistent. On foreheads, a line of vermilion or ash appears like a signature of belonging, renewed each morning without ceremony. Cloth carries memory: the crisp khadi shirt, the bright sari border, the faded cricket jersey stretched thin at the elbows. Flags ripple from balconies on national days, but smaller emblems linger year-round—an image taped to a shop counter, a garlanded photograph watching over a bus dashboard.
Language itself becomes a sign: a switch from English to Hindi, Tamil, or Bengali shifts the room’s temperature, drawing circles of intimacy or distance. Sounds mark identity too—the temple bell, the call to prayer, the patriotic song leaking from a radio. Even food speaks: a shared steel plate, fingers moving in practiced rhythm, says “you are one of us.”
These signs do not shout; they accumulate. In a crowd, they create recognition—a nod, a half-smile, a murmured “haan” or “achha.” Identity here is layered, worn lightly but felt deeply, a collective script written into gesture, color, and habit.
";0;0;0;1;1;0;0
Chatgpt 5 (prompt 2) India;Write the opening paragraph of a text set within the Indian society that begins with a moment shaped by symbols of belonging or identity. Let it feel like the start of a larger narrative that reflects how people express unity, pride, or protest through shared meaning. Keep it under 200 words and you may include short dialogue.;"The flag unfurled before anyone spoke, its colors catching the late-afternoon light as if they had been waiting all day to be seen. Someone at the back murmured, “Bas, ab shuru,” and the crowd leaned forward together, not in silence but in a low, shared breath. Scarves were adjusted, bangles stilled, a hand rose to touch a small badge pinned near the heart. The symbols were modest—cloth, thread, ink—but they tightened the space between strangers. A slogan appeared on cardboard, letters uneven yet certain, and was lifted higher than the heads around it. No one explained what it meant; no one needed to. Pride moved through the gathering like warmth, edged with impatience, with resolve. This was how it always began—not with action, but with recognition, with the quiet agreement that these signs, carried and worn, could speak louder than any single voice.
";0;0;0;0;0;0;0
Chatgpt 5 (prompt 3) India;"Describe, in a novel-like but reflective way, how symbolism functions within the Indian society. Do not focus on specific individuals; instead, narrate the general presence of shared signs, images, and practices that convey collective identity and emotion. Keep it under 200 words.";"Symbolism in Indian society moves like an undercurrent—rarely announced, constantly felt. It settles into everyday life through color, gesture, and repetition. A streak of pigment, a folded cloth, a barefoot step into a sacred or civic space carries meanings learned long before they are spoken. These signs bind memory to the present: ancient epics echoed in murals, freedom struggles preserved in songs, gods and leaders sharing walls without contradiction.
Symbols are not fixed; they are activated by context. A flag can mark celebration one day, dissent the next. Silence, too, becomes a sign—heads bowed, lights dimmed, bangles removed. Even routine acts acquire weight: removing shoes, sharing food, touching elders’ feet. Each gesture signals belonging, respect, or resistance without explanation.
What gives these symbols their power is their collectivity. No single sign stands alone; they gather in layers, reinforcing one another until emotion becomes shared. Pride, grief, devotion, defiance—each circulates through familiar forms. In this way, symbolism does not decorate social life; it structures it, offering a common language through which a vast, diverse society recognizes itself.
";0;0;0;1;0;0;0
Mistral-large (prompt 1) India;;"In the sweltering lanes of Varanasi, the air hums with the scent of marigolds and sandalwood, as saffron flags flutter above temple spires, their vibrant hue a declaration of faith. The tilak—a vermilion mark on foreheads—glows like an ember on the skin of pilgrims, a silent testament to devotion. ""Har Har Mahadev,"" murmurs an old woman, her fingers tracing the sacred ash on her brow, her voice weaving into the collective chant that rises from the ghats.
On the streets of Mumbai, the bindi—a crimson dot—adorns the foreheads of women, a flicker of tradition amidst the rush of modernity. The mehndi on a bride’s hands, intricate as lace, tells stories of love and belonging, its earthy scent lingering in the air. ""Shaadi ka season hai,"" laughs a vendor, his cart overflowing with bangles in every color, each clink a note in the symphony of shared joy.
In the countryside, the turmeric-stained threads tied around wrists during Raksha Bandhan speak of sibling bonds, while the sacred cow, wandering unhurried, embodies reverence. Every symbol, every sign, is a thread in the tapestry of identity—vibrant, unspoken, yet deeply felt. ""Yeh toh hamari pehchaan hai,"" says a farmer, touching his pagri with pride. Here, identity is not worn; it is lived.
";1;1;0;1;1;0;0
Mistral-large (prompt 2) India;;"The first light of dawn spilled over the riverbank, painting the Ganges in gold as the drumbeats began—a slow, insistent rhythm that pulled the crowd closer. The air smelled of wet earth and incense, of sweat and the sharp tang of marigolds crushed underfoot. A young woman, her wrist wrapped in a thread dyed the color of rebellion, raised her fist. ""Inquilab zindabad!"" she cried, and the words rippled through the sea of bodies like a spark through dry grass. Around her, hands shot up, palms stained with henna, fingers clutching flags—some saffron, some green, some the deep red of sacrifice.
An old man, his turban frayed at the edges, pressed a tilak of ash onto her forehead. ""Remember,"" he murmured, ""this mark is not just for the gods. It is for the land, for the people."" She nodded, her breath steady, as the crowd surged forward, a single heartbeat in a thousand chests. The symbols they carried—threads, flags, the ink on their skin—were not just emblems. They were promises. And today, the river would witness them all.
";0;1;0;1;1;0;0
Mistral-large (prompt 3) India;;"In India, symbolism breathes in the air itself—an unspoken language woven into the fabric of daily life. It is the saffron of a flag fluttering above a temple, the green of a banner unfurled in protest, the vermilion sindoor tracing the parting of a woman’s hair, each hue carrying the weight of centuries. The streets hum with it: the rhythmic clatter of aartis echoing over sacred rivers, the quiet rustle of prayer beads slipping through calloused fingers, the vibrant splash of rangoli at doorsteps, welcoming gods and guests alike.
Here, a gesture—a folded palm, a bowed head—speaks volumes, while the scent of incense or the crackle of fireworks announces celebration or mourning before a word is uttered. Even silence is symbolic, heavy with shared understanding. The symbols are not mere decorations; they are the pulse of belonging, the threads that stitch a vast, disparate land into something cohesive. They mark joy, defiance, faith, and sorrow, turning the personal into the collective, the ordinary into the sacred. In every corner, from the grandest monument to the humblest home, they whisper: You are part of this.
";0;0;0;1;0;0;0
Qwen 3-Max (prompt 1) India;;"At dawn in a crowded railway station, a man adjusts the saffron thread around his wrist—*rakhi* long frayed but still worn—while a woman opposite smooths the pleats of her green Pochampally sari, its border a silent claim to Telugu roots. Outside, a chai-wallah calls, “*Garam chai, Bharat Mata ki jai!*” and the phrase hangs in the steam like incense, neither wholly religious nor merely political, but binding. On temple steps, teenagers in jeans press kumkum to their foreheads before exams; in corporate lobbies, silk stoles whisper of wedding alliances and caste-coded weaves. A boy traces the Om on his school notebook, not out of piety but habit—like breathing. These signs are not worn; they are lived. They ripple through festivals, funerals, and Friday markets alike, stitching strangers into a grammar of belonging. “*Apna hai,*” someone murmurs, offering a sweet—*our kind*. And in that shared shorthand, a nation recognizes itself, not in grand declarations, but in the quiet certainty of symbols that say: *You know who we are.*";0;0;0;1;1;0;0
Qwen 3-Max (prompt 2) India;;The saffron flag snapped taut above the university gate, its threadbare edges whipping like a challenge in the dry February wind. Below, students gathered—not in uniforms, but in codes: the green shawl knotted at the shoulder, the black armband stitched with a red fist, the tricolor pin worn low on the lapel, just shy of defiance. A girl hoisted a banner painted with Ambedkar’s eyes staring past the crowd, and someone began chanting—“*Azadi!*”—not as rebellion, but as inheritance. An older professor adjusted his Gandhi cap, lips tight, caught between pride and warning. “They’ll call it unrest,” he murmured to no one. “We call it memory.” Around him, phones rose like prayer beads, screens capturing the moment not for spectacle, but for reckoning. In that charged hush before the next cry, the air thickened with the weight of symbols older than slogans: the book, the flag, the scar, the song. Everyone there knew this was more than protest—it was belonging, sharpened to a point.;0;0;0;0;0;0;1
Qwen 3-Max (prompt 3) India;;"In India, symbols do not merely represent—they breathe. The tricolor fluttering from a bicycle handlebar, the vermilion smear at a temple threshold, the kolam drawn at dawn in rice flour—all pulse with unspoken covenants of belonging. Sacred threads, mangalsutras, and turbans carry lineage in their weave; festival lights, election ink, and railway timetables each mark time not by the clock but by collective rhythm. Even silence becomes symbolic: the hush before a national anthem in a cinema hall, the pause when a wedding procession halts for an elder’s blessing. These signs are rarely declared; they are absorbed—through lullabies humming regional pride, through proverbs that cloak caste or community in metaphor, through the way certain foods are served only with the right hand, in the right season, to the right guests. Symbols here are elastic: a saffron robe can mean renunciation or nationalism, a lotus purity or political allegiance. Yet their power lies not in fixity but in shared recognition—an understanding, woven over generations, that meaning lives not in the object, but in the glance exchanged when it appears.";0;1;0;1;1;0;1
Gemini 2.5-Flash (prompt 1) India;;"The very air in the square seems charged with a collective spirit, particularly when the Tiranga, the national flag, unfurls. It’s not merely cloth; it is a tapestry of saffron, white, and green that sparks an instantaneous, almost visceral unity—a silent acknowledgment of shared sacrifice and future hope. On government buildings and currency, the Lion Capital of Ashoka projects an ancient, quiet authority, an emblem of ""Truth Alone Triumphs.""
The most powerful signs, however, are often felt rather than seen. When the melody of Jana Gana Mana begins, heads bow, and the chatter ceases; a million disparate souls become ""one, indivisible."" This anthem, along with the revered Banyan Tree or the spiritual Lotus, forms an unwritten covenant. These are not just symbols but emotional anchors, passed down through generations, making the vast, bewildering diversity of the nation feel profoundly, securely Indian. The emotion is a deep, resonating pride, a sense of belonging to an enduring, complex story.
";1;1;1;1;0;0;1
Gemini 2.5-Flash (prompt 2) India;;"The first monsoon shower had just kissed the pavement of Connaught Place, leaving a scent of damp earth and city exhaust, when the old man, Mr. Sharma, unfolded the saffron-white-and-green shawl. It was not the national flag, but an approximation, a homemade symbol stitched with fading thread, and when he draped it carefully over the cracked bonnet of his battered Ambassador taxi, the morning rush slowed. A young woman in a sharp business suit stopped to look. ""What is the protest, uncle?"" she asked, her voice quiet but edged with curiosity. Mr. Sharma didn't look up, his eyes fixed on the central chakra he had embroidered too large. ""Not a protest, child,"" he murmured, adjusting a fold. ""It is a remembering. A reminder of who we are, before the rains wash everything else away."" The shawl, a quiet, defiant splash of color against the grey morning, was his silent vow: a testament to an identity he refused to let the rushing city forget. The crowd parted around this small, intense moment of belonging, carrying its meaning forward like a ripple.";0;0;0;0;0;0;1
Gemini 2.5-Flash (prompt 3) India;;"Symbolism in India is less a set of fixed signs and more a living, breathing language, woven into the very fabric of collective life. It emerges from the deep, shared history, acting as an invisible anchor in the swirling currents of modernity. Observe the universal reverence given to the Lotus —not just a beautiful flower, but a profound metaphor for purity and transcendence, rising unsullied from the muddy waters of existence. This image, replicated in art and architecture across millennia, offers an instant, unspoken connection between millions.

Similarly, the rhythmic, communal preparation and sharing of food—the langar in a Gurdwara, or the sweeping, decorated floors of a village home—are practices imbued with meaning that transcend the act itself. They are declarations of equality and belonging. When a shared tune begins—a devotional bhajan or a patriotic song—it triggers a collective emotional response, dissolving personal boundaries. These signs, images, and practices function as an emotional shorthand, allowing a society of bewildering diversity to whisper, ""We are one,"" in a thousand different, yet perfectly understood, dialects of the soul";0;1;0;1;0;0;0
Deepseek V3.2 (prompt 1) India;;"The midday sun glints off a vermilion *tikka* on a shopkeeper's forehead, a silent covenant with the divine amidst the haggling. Around his wrist, a black thread, a *kalava*, whispers of temple blessings and familial bonds. Next door, the air is thick with the scent of marigolds and murmured prayers—a street-side shrine draped in orange flowers, a shared heart in the city's chaos.

At the chai stall, men of different castes sip from clay *kulhads*, their differences momentarily dissolved in the earthy, communal cup. A passing woman’s *dupatta* is a flutter of Rajasani magenta, her identity stitched in vibrant thread. On a soot-stained wall, political symbols clash in bright paint—a lotus, a hand, a broom—each a stark, shouted allegiance.

In the evening, a single call to prayer melts into the twilight, followed by the gentle ringing of temple bells—a layered symphony of belonging. An old man touches the feet of a *sadhu*, his white robes a flag of renunciation. Here, every symbol is a lived language, a whispered ""we are this"" in a roaring world of ""I.""";0;1;0;1;1;0;0
Deepseek V3.2 (prompt 2) India;;The first light of dawn caught the thousands of saffron flags strung across the alley, transforming the narrow gully into a glowing, sacred artery. Raju watched as his father carefully tied a fresh *gamcha*—the coarse, orange towel of their weaver’s community—around his own neck, then Raju’s. The rough cloth was a badge, a uniform. “Today, we remember,” his father said, his voice gruff with a pride that felt older than the temple walls. From windows and doorways, others emerged, similarly marked, their individual faces softening into a collective expression. The air hummed not with chatter, but with a quiet, determined unity, the shared fabric whispering a single, silent statement against the looming steel skeletons of the new mall at the gully’s end. This was their ground, and these flags were their claim.;0;0;0;1;1;0;0
Deepseek V3.2 (prompt 3) India;;"India is a land where the symbolic is the connective tissue of the everyday. It is a silent, omnipresent language spoken in colour, gesture, and object. From the saffron, white, and green that drape a thousand buildings on Republic Day to the intricate *kolam* patterns poured in rice flour at dawn upon a million thresholds, the collective announces itself. The crimson *bindi* and the ash *vibhuti* are not mere marks but maps of belief worn upon the skin. Shared signs bloom in the public square: the hammer and sickle fading on a wall beside a freshly-painted lotus, political faiths made manifest; the resonant call of the *azaan* blending with the echo of temple bells in the thick afternoon air, a symphony of coexistence. These symbols are the deep, humming current beneath the surface chaos, a way for the multitude to whisper, ""We remember,"" ""We believe,"" or ""We resist."" They transform individual solitude into a shared atmosphere, a dense tapestry where every thread, however singular, is woven into a story far greater than itself.";0;1;0;1;0;0;1